url,nombre,categoría,derivadas,derivadaRevisada
https://farsamag.com/obras/gansos/,Gansos,Reseña,"/obra74685-gansos, /obra54414-los-gansos-graznan-un-rato-y-se-callan, /obra13818-trenes--y--gansos",False
https://farsamag.com/obras/las-oceanicas/,Las oceánicas,Reseña,/obra74192-las-oceanicas,False
https://farsamag.com/obras/lorca-el-teatro-bajo-la-arena/,"Lorca, el teatro bajo la arena",Imperdible,/obra78212-lorca-el-teatro-bajo-la-arena,False
https://farsamag.com/obras/a-chorus-line/,A Chorus Line,Reseña,"/obra64382-a-chorus-line, /obra63013-chorus-line",False
https://farsamag.com/obras/impalpable/,Impalpable,Destacada,"/obra21551-impalpable, /obra9731-la-madre-impalpable",False
https://farsamag.com/obras/este-verano-te-mato/,Este verano te mato,Reseña,/obra48652-este-verano-te-mato,False
https://farsamag.com/obras/orillera/,Orillera,Reseña,"/obra64512-orillera, /obra67816-noches-orilleras-vol-3, /obra67222-noches-orilleras-vol-2, /obra66591-noches-orilleras-vol1, /obra68294-noches-orilleras-vol4, /obra51331-danzas-orillera, /obra35971-patricio-villarejo-las-musas-orilleras, /obra33120-la-orillera, /obra22989-musas-orilleras, /obra8477-cronicas-orilleras, /obra1791-evocacion-orillera",False
https://farsamag.com/obras/direccion-desconocida/,Dirección desconocida,Reseña,/obra78746-direccion-desconocida,False
https://farsamag.com/obras/potestad/,Potestad,Destacada,"/obra28963-potestad, /obra1286-potestad, /obra65750-potestad, /obra16061-potestad, /obra59644-potestad, /obra35882-potestad, /obra13426-potestad, /obra29829-potestad, /obra30331-potestad, /obra26907-potestad, /obra516-potestad, /obra15849-potestad, /obra15920-potestad, /obra7446-potestad, /obra9436-potestad, /obra4699-potestad, /obra70646-potestad, /obra35535-potestad, /obra32203-max-y-lowrey-potestad, /obra17752-potestad-el-ultimo-verso",False
https://farsamag.com/obras/la-culpa-de-nada/,La culpa de nada,Destacada,/obra43302-la-culpa-de-nada,False
https://farsamag.com/obras/desertoras/,Desertoras,Destacada,/obra74699-desertoras,False
https://farsamag.com/obras/el-mundo-es-mas-fuerte-que-yo/,El mundo es más fuerte que yo,Reseña,/obra50839-el-mundo-es-mas-fuerte-que-yo,False
https://farsamag.com/obras/protocolar/,Protocolar,Reseña,/obra54251-protocolar,False
https://farsamag.com/obras/el-efecto-de-los-rayos-gamma-sobre-las-calendulas/,El efecto de los rayos gamma sobre las caléndulas,Reseña,"/obra42743-el-efecto-de-los-rayos-gamma-sobre-las-calendulas, /obra35514-el-efecto-de-los-rayos-gamma-sobre-las-calendulas, /obra71282-el-efecto-de-los-rayos-gamma-sobre-las-calendulas",False
https://farsamag.com/obras/pampa-escarlata/,Pampa Escarlata,Imperdible,/obra70626-pampa-escarlata,False
https://farsamag.com/obras/un-rincon-en-el-mundo/,Un rincón en el mundo,Reseña,/obra60566-un-rincon-en-el-mundo,False
https://farsamag.com/obras/la-obra-publica/,La obra pública,Destacada,/obra75305-la-/obra-publica,False
https://farsamag.com/obras/proyecto-posadas/,Proyecto Posadas,Destacada,"/obra69702-proyecto-posadas, /obra28566-proyecto-posadas",False
https://farsamag.com/obras/las-cautivas/,Las Cautivas,Imperdible,"/obra75779-las-cautivas, /obra74450-las-cautivas",False
https://farsamag.com/obras/la-voluntad-teatro-a-distancia/,"La voluntad, teatro a distancia",Reseña,"/obra57287-la-voluntad-teatro-a-distancia, /obra33742-la-voluntad-teatro-a-distancia",False
https://farsamag.com/obras/un-trabajo/,Un trabajo,Destacada,"/obra36815-un-trabajo, /obra45790-el-barco-un-trabajo-en-proceso-de-creacion, /obra29502-trabajos-de-poeta-y-informe-para-una-academia, /obra28946-el-ocaso-de-la-causa-trabajo-en-proceso-adelanto-de-una-tesina, /obra25500-la-oficina-hacemos-un-buen-trabajo, /obra71535-un-trabajo-fabuloso",False
https://farsamag.com/obras/no-hay-banda/,No hay banda,Reseña,/obra77155-no-hay-banda,False
https://farsamag.com/obras/como-vaca-mirando-un-tren/,Como vaca mirando un tren,Reseña,/obra76025-como-vaca-mirando-un-tren,False
https://farsamag.com/obras/el-paraiso-perdido/,El paraíso perdido,Destacada,"/obra37445-el-paraiso-perdido, /obra64890-la-trampa-del-paraiso-perdido",False
https://farsamag.com/obras/las-cargas/,Las cargas,Reseña,/obra70670-las-cargas,False
https://farsamag.com/obras/hamlet/,Hamlet,Imperdible,"/obra77378-hamlet, /obra80192-ellas-hamlet, /obra64474-hamlet, /obra31980-hamlet, /obra61418-hamlet, /obra58498-hamlet, /obra57630-hamlet, /obra62793-hamlet, /obra32798-hamlet, /obra37212-hamlet, /obra67133-hamlet, /obra44013-hamlet, /obra43718-hamlet, /obra52033-hamlet, /obra43377-hamlet, /obra45562-hamlet, /obra54744-hamlet, /obra71782-hamlet, /obra49469-hamlet, /obra49454-hamlet, /obra47948-hamlet, /obra74441-maten-a-hamlet, /obra78154-hamlet-o-la-destruccion, /obra55648-hamlet-no-es-su-propio-primo, /obra42753-origen-hamlet, /obra73268-yo-soy-hamlet, /obra70686-los-bardos-de-hamlet, /obra73519-bailemos-sobre-las-cenizas-hamlet, /obra52490-ho-variaciones-arbitrarias-sobre-hamlet, /obra47498-break-hamlet, /obra50756-hamlet-principe-de-barracas, /obra66312-tragedia-inadaptada-de-hamlet, /obra71603-hamlet-en-the-globe, /obra71943-hoy-hamlet-hoy, /obra71523-joaquin-furriel-monologo-en-vivo-de-hamlet, /obra57925-hamlet-la-herencia-de-la-carne, /obra33762-46xx-variaciones-hamlet, /obra52212-hamlet-la-maldicion-de-ser, /obra48744-malambo-esoterico-looking-for-hamlet, /obra59487-hamlet-bardo, /obra61458-no-tan-hamlet, /obra56009-yo-ella-hamlet-mi-padre-hamlet-diosa-4, /obra41310-hamlet-episodios-de-la-ratonera-nacional, /obra49523-hamlet-ruso, /obra53370-hamlet-the-musical, /obra50190-cielo-es-una-maquina-hamlet-esta-muerto-sin-fuerza-de-gravedad, /obra53936-to-be-or-not-to-be-un-recorrido-sobre-hamlet, /obra33482-hamlet-esta-muerto-sin-fuerza-de-gravedad, /obra33102-nino-en-estado-adulto-nieve-que-arde-o-lo-que-quedo-de-hamlet, /obra38066-hamlet-duele-o-el-eco-de-los-aplausos-que-ya-no-resuenan, /obra39534-hamlet-national-theatre-live, /obra33722-ser-o-no-ser-hamlet, /obra38085-un-hamlet, /obra32696-hamlet-de-los-andes, /obra31982-hamlet-tango-14, /obra33666-hamlet-shakespeares-globe-theatre, /obra29668-big-hamlet, /obra26981-la-madre-de-hamlet, /obra34507-maquina-hamlet, /obra35544-hamlet-y-macbeth-otra-version, /obra44741-no-hay-piedad-para-hamlet, /obra35709-el-hamlet-del-barrio-judio, /obra71222-hamlet-amleto, /obra50393-hamlet, /obra49415-hamlet, /obra57602-hamlet, /obra49718-hamlet, /obra30508-hamlet, /obra64905-hamlet, /obra50733-hamlet",False
https://farsamag.com/obras/el-bululu-antologia-endiablada/,El bululú. Antología endiablada,Imperdible,/obra17231-el-bululu-antologia-endiablada,False
https://farsamag.com/obras/menea-para-mi/,Menea para mí,Destacada,/obra33399-menea-para-mi,False
https://farsamag.com/obras/rayito-de-sol/,Rayito de sol,Reseña,"/obra55037-rayito-de-sol, /obra50667-rayito-de-sol",False
https://farsamag.com/obras/olvidame/,OlvídAME,Reseña,/obra75386-olvidame,False
https://farsamag.com/obras/pundonor/,Pundonor,Imperdible,/obra58745-pundonor,False
https://farsamag.com/obras/terrenal-pequeno-misterio-acrata/,Terrenal. Pequeño misterio ácrata.,Imperdible,/obra67638-festival-teatroxlaidentidad-terrenal-pequeno-misterio-acrata,False
https://farsamag.com/obras/el-puente-azul/,El puente azul,Reseña,/obra53631-el-puente-azul,False
https://farsamag.com/obras/reinas-abolladas/,Reinas abolladas,Reseña,/obra74530-reinas-abolladas,False
https://farsamag.com/obras/enamorarse-es-hablar-corto-y-enredado/,Enamorarse es hablar corto y enredado,Reseña,/obra40097-enamorarse-es-hablar-corto-y-enredado,False
https://farsamag.com/obras/jijop/,Jíjop,Reseña,/obra78555-jijop-una-historia-bailada,False
https://farsamag.com/obras/experiencia-i-la-persona-deprimida/,Experiencia I: La persona deprimida,Reseña,/obra66693-experiencia-i-la-persona-deprimida,False
https://farsamag.com/obras/que-todas-las-vaquitas-de-argentina-griten-mu/,Que todas las vaquitas de Argentina griten Mu,Destacada,/obra63700-que-todas-las-vaquitas-de-argentina-griten-mu-grupo-minimo,False
https://farsamag.com/obras/piedra-sentada-pata-corrida/,"Piedra sentada, pata corrida",Destacada,"/obra28891-piedra-sentada-pata-corrida, /obra45268-piedra-sentada-pata-corrida-farsa-civilizatoria",False
https://farsamag.com/obras/la-omision-de-la-familia-coleman/,La omisión de la familia Coleman,Reseña,"/obra4926-la-omision-de-la-familia-coleman, /obra71559-teatro-online-la-omision-de-la-familia-coleman",False
https://farsamag.com/obras/el-loco-y-la-camisa/,El loco y la camisa,Imperdible,/obra15117-el-loco-y-la-camisa,False
https://farsamag.com/obras/astronautas/,Astronautas,Reseña,"/obra63056-asstronautas, /obra57982-astronautas",False
https://farsamag.com/obras/christiane-un-bio-musical-cientifico/,Christiane. Un Bio-musical Científico,Destacada,"/obra47548-christiane-un-biomusical-cientifico, /obra78310-christiane-un-biomusical-cientifico",False
https://farsamag.com/obras/rosa-brillando/,Rosa brillando,Destacada,/obra18246-rosa-brillando,False
https://farsamag.com/obras/los-dias-de-la-fragilidad/,Los días de la fragilidad,Imperdible,/obra59952-los-dias-de-la-fragilidad,False
https://farsamag.com/obras/una-obra-para-mi/,Una obra para mí,Destacada,/obra75809-una-/obra-para-mi,False
https://farsamag.com/obras/habitacion-macbeth/,Habitación Macbeth,Imperdible,/obra74405-habitacion-macbeth,False
https://farsamag.com/obras/como-si-pasara-un-tren/,Como si pasara un tren,Destacada,"/obra37490-como-si-pasara-un-tren, /obra63237-como-si-pasara-un-tren-fiba",False
https://farsamag.com/obras/conurbano-cotidiano/,Conurbano cotidiano,Destacada,/obra79559-conurbano-cotidiano,False
https://farsamag.com/obras/luz-testigo/,Luz Testigo,Reseña,/obra75040-luz-testigo,False
https://farsamag.com/obras/cosas-pesadas-caen/,Cosas pesadas caen,Reseña,/obra70052-cosas-pesadas-caen,False
https://farsamag.com/obras/captura-de-aves-silvestres/,Captura de aves silvestres,Destacada,/obra73936-captura-de-aves-silvestres,False
https://farsamag.com/obras/perdon/,Perdón,Imperdible,"/obra68104-perdon-sutottos, /obra77325-el-perdon, /obra76296-perdonalos-opera, /obra71880-podes-perdonarla, /obra60223-perdonestamos-en-guerra, /obra66242-perdon-por-mi-humor, /obra68418-perdon-es-que-te-amo-vol-2, /obra68829-perdon-si-molestamos, /obra52728-la-empresa-siempre-perdona, /obra41635-de-la-naturaleza-lo-siento-perdoname-gracias-te-amo, /obra41680-aqqua-de-la-naturaleza-lo-siento-perdoname-gracias-te-amo, /obra36009-perdon-es-que-te-amo, /obra35447-perdoname-por-ayer, /obra34578-perdoname, /obra37395-amor-es-nunca-tener-que-pedir-perdon, /obra31054-perdon-flaco-y-los-colgados-del-bigote, /obra28732-perdona-bonita-pero-lucas-me-queria-a-mi, /obra29901-la-empresa-perdona-un-momento-de-locura, /obra22047-perdon-por-ser-tan-puta, /obra21556-perdoname-que-te-disculpe, /obra20539-robespierre-el-perdon-no-existe, /obra25046-perdonenla-si-habla-de-amor, /obra21527-la-empresa-perdona-un-momento-de-locura, /obra20519-la-empresa-perdona-un-momento-de-locura, /obra19665-me-ensenaste-a-sonreir-y-a-perdonar, /obra16662-pedime-perdon, /obra16946-le-pidio-perdon-al-padre, /obra9307-perdonalos-senor-no-saben-lo-que-hacen, /obra9330-impro-fest-perdonalos-senor-la-celebracion-de-lo-efimero, /obra5126-perdon-por-la-espera, /obra2240-perdonar-es-dibino-una-farza-inpresentavle, /obra3116-perdon-por-mi-arte, /obra1901-refugiados-o-pedir-perdon, /obra1146-de-nudos-y-perdones, /obra58515-perdon-por-mi-pasado, /obra56923-te-perdono-la-sopa, /obra51819-se-mata-o-se-perdona, /obra50305-perdoname-el-odio, /obra35361-perdon-laura, /obra61681-perdoname-senor-he-sido-mala-de-todo-me-arrepiento, /obra42382-mil-anos-de-perdon, /obra60484-mil-anos-de-perdon, /obra50023-mil-anos-de-perdon",False
https://farsamag.com/obras/sobre-mirjana-y-todos-los-que-la-rodean/,Sobre Mirjana y todos los que la rodean,Reseña,,False
https://farsamag.com/obras/todo-lo-posible/,Todo lo posible,Reseña,"/obra61040-todo-lo-posible, /obra63245-todo-lo-posible-fiba, /obra53234-todo-lo-posible-sala-4, /obra79598-todos-los-mundos-posibles",False
https://farsamag.com/obras/imprenteros/,Imprenteros,Reseña,/obra60898-imprenteros,False
https://farsamag.com/obras/la-elegida/,La elegida,Destacada,"/obra59854-la-elegida, /obra71696-la-elegida, /obra71500-la-elegida-on-line, /obra70322-visita-tactil-de-la-/obra-la-elegida-de-paula-fanelli, /obra50634-akllasumaq-la-elegida-por-su-belleza",False
https://farsamag.com/obras/el-ultimo-espectador/,El último espectador,Reseña,/obra56494-el-ultimo-espectador,False
https://farsamag.com/obras/nerium-park/,Nerium Park,Reseña,"/obra40017-nerium-park, /obra51580-nerium-park, /obra71614-teatro-online-nerium-park, /obra42376-nerium-park-se-encuentra-con-el-publico",False
https://farsamag.com/obras/el-amo-del-mundo/,El amo del mundo,Reseña,"/obra76357-el-amo-del-mundo, /obra11731-el-amo-del-mundo, /obra42637-el-amo-del-mundo, /obra78236-evita-juguetes-de-amor-o-de-como-un-nino-es-el-poeta-del-mundo, /obra74462-con-todo-el-amor-del-mundo, /obra54554-el-amor-es-el-fin-del-mundo-sala-2, /obra6039-la-muerte-del-raton-mas-famoso-del-mundo, /obra75583-el-amor-es-el-fin-del-mundo",False
https://farsamag.com/obras/la-mujer-puerca/,La mujer puerca,Imperdible,"/obra25509-la-mujer-puerca, /obra71338-la-mujer-puerca, /obra41386-la-mujer-puerca",False
https://farsamag.com/obras/200-golpes-de-jamon-serrano/,200 golpes de jamón serrano,Destacada,"/obra59320-200-golpes-de-jamon-serrano, /obra67639-festival-teatroxlaidentidad-200-golpes-de-jamon-serrano",False
https://farsamag.com/obras/las-de-barranco/,Las de Barranco,Reseña,"/obra40466-las-de-barranco, /obra64809-las-de-barranco, /obra64707-las-de-barranco, /obra64353-las-de-barranco, /obra66281-las-de-barranco, /obra57477-las-de-barranco, /obra57711-las-de-barranco, /obra31009-las-de-barranco, /obra36517-las-de-barranco, /obra37692-las-de-barranco, /obra9876-las-de-barranco, /obra17338-las-de-barranco, /obra23284-las-de-barranco, /obra14708-las-de-barranco, /obra20497-las-de-barranco, /obra21837-las-de-barranco, /obra18022-las-de-barranco, /obra10849-las-de-barranco, /obra10550-las-de-barranco, /obra12388-las-de-barranco, /obra8729-las-de-barranco, /obra3907-las-de-barranco, /obra6256-las-de-barranco, /obra3664-las-de-barranco, /obra3342-las-de-barranco, /obra2298-las-de-barranco, /obra223-las-de-barranco, /obra45032-las-de-barranco, /obra44128-las-de-barranco, /obra62963-las-de-barranco, /obra63325-las-de-barranco, /obra10055-las-de-barranco, /obra45547-las-de-barranco, /obra45994-las-de-barranco, /obra75302-pretenciosas-ridiculas-las-de-barranco, /obra75446-pretenciosas-ridiculas-las-de-barranco-streaming, /obra72061-bombon-digital-coro-municipal-de-ninos-usted-esta-actuando-las-de-barranco-humo-programa-3, /obra45461-las-de-barranco-hoy, /obra20387-otra-vez-las-de-barranco, /obra2481-las-de-barranco-ahora, /obra39583-las-mujeres-de-barranco, /obra56467-las-del-barranco, /obra27778-las-del-barranco, /obra22880-las-de-barranco, /obra50595-las-de-barranco",False
https://farsamag.com/obras/la-pilarcita/,La Pilarcita,Destacada,/obra36093-la-pilarcita,False
https://farsamag.com/obras/las-cunadas/,Las cuñadas,Reseña,/obra68561-las-cunadas,False
https://farsamag.com/obras/amor-de-cuarentena-el-diario/,Amor de Cuarentena: el diario,Reseña,,False
https://farsamag.com/obras/para-partir/,Para partir,Reseña,"/obra63932-para-partir, /obra62331-lectura-de-poesia-para-ninos-de-a-partir-de-2-anos-libro-haikus-poesia-de-un-mundo-pequeno, /obra61596-musica-para-compartir-ii, /obra44870-amalia-echeverz-y-fabiana-de-marco-musica-para-compartir, /obra38478-musica-para-compartir",False
https://farsamag.com/obras/hamlet-esta-muerto-sin-fuerza-de-gravedad/,Hamlet está muerto. Sin fuerza de gravedad.,Destacada,"/obra50190-cielo-es-una-maquina-hamlet-esta-muerto-sin-fuerza-de-gravedad, /obra33482-hamlet-esta-muerto-sin-fuerza-de-gravedad",False
https://farsamag.com/obras/la-enamorada/,La enamorada,Reseña,"/obra67031-la-enamorada, /obra1488-la-enamorada, /obra40910-la-enamorada-del-muro, /obra18570-la-enamorada-del-muro, /obra43712-la-enamorada-del-rey, /obra49174-la-discreta-enamorada, /obra25063-la-puta-enamorada, /obra42691-la-discreta-enamorada",False
https://farsamag.com/obras/los-finales-felices-son-para-otros/,Los finales felices son para otros,Reseña,/obra77945-los-finales-felices-son-para-otros,False
https://farsamag.com/obras/una-y-mil/,¿Una y Mil?,Imperdible,"/obra79593-despojo-una-comedia-familiarmente-bipolar, /obra77995-una-familia-encantada, /obra78692-una-y-mil, /obra58576-militonti-una-competencia-epica, /obra77624-una-familia-tipo, /obra63957-una-familia-feliz, /obra73454-herederos-un-velatorio-online-y-una-familia-desconectada, /obra49934-lo-total-un-milagro-en-algunas-luces-y-sombras, /obra3648-los-albornoz-delicias-de-una-familia-argentina, /obra68778-ciclo-de-guitarras-sebastian-luna-y-emiliano-ferrer, /obra68057-pueblerinos-como-una-gran-familia, /obra59205-las-mil-y-una-noches, /obra58445-una-familia-especial, /obra50504-la-vida-es-una-milonga, /obra52297-los-besugo-una-familia-pirata, /obra48242-las-mil-y-una-noches-relatos-para-ver-el-sol, /obra50723-una-mirada-familiar, /obra21269-las-mil-y-una-noches-arabes, /obra36321-inverosimil-una-tragedia-mundana, /obra41042-las-mil-y-una-voces-del-humor, /obra42274-las-mil-y-una, /obra42185-las-mil-noches-y-una-noche, /obra41109-las-mil-y-unas-noches, /obra37137-una-ultima-milonga-antes-del-alba, /obra39322-muestra-maximiliano-luna, /obra29294-siameses-historia-de-una-familia-normal, /obra32438-una-familia-tipo, /obra28296-una-sonrisa-vale-mas-que-mil-palabras, /obra30471-una-sonrisa-vale-mas-que-mil-palabras, /obra30502-la-vida-es-una-milonga, /obra25020-psicologia-barata-para-una-familia-berreta, /obra25381-una-historia-llena-de-mil-fantasias, /obra25337-los-locos-addams-una-familia-muy-normal, /obra13342-pequena-historia-de-una-familia-fragmentada, /obra19765-relatos-eroticos-sobre-una-seleccion-de-las-mil-y-una-noches, /obra13188-una-familia-muy-especial, /obra10118-las-mil-y-una-noches, /obra13546-una-familia-dentro-de-la-nieve, /obra16064-las-mil-y-una-noches, /obra16523-proyecciones-krause-una-deconstruccion-familiar, /obra16181-las-mil-y-una-historias, /obra15259-una-familia-tipo, /obra15411-una-sombra-donde-suena-camila-o-gorman, /obra9498-una-familia-poco-normal, /obra9926-los-albornoz-delicias-de-una-familia-argentina, /obra8479-los-sobrevivientes-una-historia-familiar, /obra5402-los-albornoz-delicias-de-una-familia-argentina, /obra2371-mil-cuentos-para-una-noche, /obra2720-las-mil-y-una-noches-argentinas, /obra45411-las-mil-y-una-noches, /obra11849-las-mil-y-una-nachas, /obra50086-las-mil-y-una-nachas, /obra49790-las-mil-y-una-nachas, /obra10099-una-historia-casi-verosimil, /obra42939-las-mil-y-una-alegrias, /obra48226-una-novia-una-casa-y-cien-mil-pesos, /obra2595-bajorey-el-estado-de-una-y-mil-noches, /obra80462-orquesta-tipica-di-pasquale-milagros-caliva-y-noelia-sinkunas, /obra42377-una-visita-familiar",False
https://farsamag.com/obras/31/,*31#,Reseña,,False
https://farsamag.com/obras/la-cuna-vacia/,La cuna vacía,Destacada,/obra6280-la-cuna-vacia,False
https://farsamag.com/obras/las-reinas/,Las Reinas,Reseña,"/obra79624-las-dos-reinas, /obra77690-las-reinas, /obra26528-las-reinas-del-strip, /obra7978-el-rey-las-reinas-el-medico-y-ella",False
https://farsamag.com/obras/miedo/,Miedo,Reseña,"/obra67171-los-miedos, /obra51721-miedo, /obra56051-miedo, /obra23405-miiedo, /obra56773-ensayo-sobre-el-miedo-distopia-grotesca-sobre-el-fin-del-mundo, /obra54382-cuiqui-el-mundo-de-los-miedos, /obra77698-los-miedos-de-anita, /obra79544-tanto-miedo-que-da-risa, /obra76599-cuando-el-miedo-se-transforma-en-silencios, /obra74431-un-dia-vi-el-miedo-alejarse-de-mi, /obra74723-la-reina-del-miedo, /obra76546-noviembre-los-miedos-sobre-la-mesa, /obra76856-la-historia-de-mis-miedos, /obra74874-canciones-para-no-tener-miedo-virtual, /obra74849-para-ser-valiente-hay-que-tener-miedo, /obra75300-pesadilla-popular-lo-normal-es-tener-miedo, /obra21309-chau-senor-miedo, /obra71262-chau-senor-miedo, /obra40492-miedos, /obra63788-con-este-miedo-al-futuro, /obra62818-bombon-vecinal-no-tengas-miedo-no-de-moro-anghileri, /obra35617-el-miedo-de-toda-mujer, /obra57434-los-engranajes-del-miedo, /obra60670-lucas-rosasco-amor-y-miedo, /obra41378-angeli-improvisa-que-da-miedo, /obra52281-jorge-el-miedoso, /obra52359-la-princesa-azulada-la-valiente-de-los-miedos, /obra36755-juan-sin-miedo, /obra36424-cuatro-noches-y-el-miedo-a-estar-solo, /obra41981-chau-sr-miedo, /obra40055-no-tengas-miedo, /obra42456-historia-del-miedo, /obra29335-todos-mis-miedos, /obra34838-miedos-privados-en-lugares-publicos, /obra37618-el-miedo-mas-profundo, /obra24025-canciones-para-no-tener-miedo, /obra27759-chau-senor-miedo, /obra33352-ninacocinamiedos, /obra39379-las-aventuras-de-juan-sin-miedo, /obra27791-el-olor-del-miedo, /obra28571-rebeca-y-la-sociedad-antimiedo, /obra27718-cuentos-para-disfrutar-con-miedo, /obra20852-el-miedo, /obra23730-del-miedo-y-sus-racimos, /obra24558-juan-sin-miedo, /obra24497-juanito-una-aventura-sin-miedo, /obra16039-el-miedo-en-tiempos-de-lluvia, /obra17544-chau-senor-miedo, /obra19004-quien-dijo-miedo, /obra20686-chau-sr-miedo, /obra21903-no-te-quiero-miedo, /obra22844-sir-castillo-del-miedo-evo, /obra15992-tengo-miedo-torero, /obra17388-juan-sin-miedo, /obra16267-todos-los-miedos, /obra17818-bu-nadie-tiene-miedo, /obra15706-me-rio-del-miedo, /obra14683-juan-sin-miedo, /obra35607-paulatina-aproximacion-a-un-teorema-dramatico-del-miedo, /obra52044-las-mujeres-me-dan-miedo, /obra58162-quien-dijo-miedo, /obra73052-el-miedo-de-la-rosa, /obra34692-tengo-miedo-de-la-noche, /obra42116-vivir-sin-miedo, /obra58161-quien-dijo-miedo, /obra65821-sin-dudas-sin-miedos-sin-tiempo, /obra52043-las-mujeres-me-dan-miedo, /obra29123-no-seas-mala-me-da-miedo, /obra30012-a-mi-chica-le-gustan-las-de-miedo, /obra16565-la-nina-que-queria-aprender-a-tener-miedo",False
https://farsamag.com/obras/sagrado-bosque-de-monstruos/,Sagrado bosque de monstruos,Destacada,/obra60026-sagrado-bosque-de-monstruos,False
https://farsamag.com/obras/el-test/,El Test,Reseña,"/obra74386-el-test, /obra56193-el-test, /obra65947-el-testigo, /obra56262-el-testigo, /obra23229-el-testamento-de-leonardo, /obra18738-el-testigo-le-temoin, /obra11995-el-testamento-del-sastre, /obra47198-el-testamento-olografico-o-la-herencia-del-tio, /obra72823-infancia-basura-testimonio-ii-el, /obra65439-el-sagrado-testamento, /obra31824-breve-apologia-del-caos-por-exceso-de-testosterona-en-las-calles-de-manhattan, /obra26643-test-arte-en-la-escuela, /obra22977-historia-del-llanto-un-testimonio, /obra17752-potestad-el-ultimo-verso, /obra13108-cita-del-cinematografo-greitest-jits, /obra12423-testigos-del-pasado, /obra2760-el-mismo-testigo, /obra48324-el-testigo-invisible-o-la-capilla-en-los-bosques, /obra72054-el-testamento-de-don-tomas, /obra51814-el-testamento-de-fausto, /obra9734-el-testamento, /obra50015-el-testamento-olografo, /obra48683-la-loca-o-el-testamento-de-una-inglesa",False
https://farsamag.com/obras/el-inestimable-hermano/,El inestimable hermano,Reseña,/obra53397-el-inestimable-hermano,False
https://farsamag.com/obras/yorick-la-mirada-del-bufon/,"Yorick, la mirada del bufón",Reseña,/obra77656-yorick-la-mirada-del-bufon,False
https://farsamag.com/obras/los-rotos/,Los rotos,Destacada,"/obra58795-los-rotos, /obra68129-los-rotos-flora-no-es-un-canto-a-la-vida, /obra78617-la-teoria-de-los-vidrios-rotos, /obra76572-el-boulevard-de-los-suenos-rotos-una-comedia-de-oficina, /obra73280-el-club-de-los-corazoncitos-rotos, /obra65516-con-los-huevos-rotos, /obra51858-bidegain-y-los-psicopatas-ambulantes-presentan-rocanrotos, /obra41047-bidegain-y-los-psicopatas-ambulantes-presentan-rocanrotos, /obra52491-todo-y-nada-fragmentos-rotos-de-amor-y-un-sueno-espantoso-o-los-restos-de-tito-andronico, /obra26267-la-cena-de-los-crotos, /obra23457-a-donde-van-los-corazones-rotos, /obra18057-la-laguna-de-los-platos-rotos, /obra13035-los-espejos-rotos, /obra68127-los-rotos-de-carla-finco",False
https://farsamag.com/obras/retrospectiva-piel-del-lava/,Retrospectiva PIEL DEL LAVA,Imperdible,,False
https://farsamag.com/obras/me-decis-de-manana/,¿Me decís de mañana?,Destacada,/obra58930-me-decis-de-manana,False
https://farsamag.com/obras/edipo-en-ezeiza/,Edipo en Ezeiza,Destacada,"/obra38940-edipo-en-ezeiza, /obra27740-edipo-en-ezeiza",False
https://farsamag.com/obras/bufarra/,"Bufarra, carne a la parrilla",Reseña,/obra40120-bufarra-carne-a-la-parrilla,False
https://farsamag.com/obras/la-casa-oscura/,La casa oscura,Destacada,"/obra75159-la-casa-oscura-un-show-documental-sobre-la-salud-mental, /obra34119-la-casa-oscura",False
https://farsamag.com/obras/la-falcon-musical-de-tangos-sobre-la-vida-de-ada-falcon/,La Falcón musical de Tangos sobre la vida de Ada Falcón,Reseña,/obra71126-la-falcon-musical-de-tangos-sobre-la-vida-de-ada-falcon,False
https://farsamag.com/obras/las-mackallister/,Las Mackallister,Destacada,/obra52382-mck-las-makallister,False
https://farsamag.com/obras/rota/,Rota,Reseña,"/obra77136-rota, /obra80094-el-manifiesto-de-las-alas-rotas, /obra79590-trotamundos-y-a-sonar, /obra33830-brotara, /obra73025-la-protagonista, /obra76247-canciones-que-brotan-vol-iii, /obra76245-canciones-que-brotan-vol-ii, /obra76244-canciones-que-brotan-vol-i, /obra76249-canciones-que-brotan-vol-v, /obra76248-canciones-que-brotan-vol-iv, /obra42584-crack-una-rota-comedia-de-amor, /obra71246-derrotas-cadenas-duo-el-balcon, /obra71424-lalo-rotaveria-lee-nestor-perlongher, /obra72261-los-cuatro-dias-de-lorca-leida-por-su-autor-y-protagonista, /obra66013-rotando-stand-up, /obra66555-trotamundos-la-aventura, /obra64210-protagonista, /obra66905-mujer-rota, /obra63795-mujeres-rotas, /obra68342-crack-una-comedia-rota-de-amor, /obra64962-victoria-birchner-brotar, /obra68527-ciclo-de-charlas-los-espectadores-como-protagonistas-en-el-campo-teatral-de-la-ciudad-de-buenos-aires-a-cargo-de-jorge-dubatti, /obra62881-vidriera-me-entusiasme-con-la-referencia-de-lalo-rotaveria, /obra56587-rotativo-de-stand-up-del-galpon, /obra57157-derrotas-cadenas-presentan-huid-mortales, /obra60803-quatrotango, /obra58191-personas-rotas, /obra56357-que-paso-con-lorena-rottatore-sala-6, /obra58963-el-tango-pide-pista-3-quatrotango-ensamble, /obra62496-volver-a-mi-una-charla-intima-con-la-autora-de-rota-se-camina-igual-lorena-pronsky, /obra58811-botis-cromatico-dolores-aguirre-y-julia-ortiz-de-perota-chingo, /obra41767-muneca-rota-policial-sinfonico, /obra45709-la-fiesta-rota-o-la-patria-deshuesada, /obra53634-protagonistas, /obra47382-trotar-pastar-y-dormir, /obra48170-derrotas-cadenas-huid-mortales, /obra50186-la-grotta-di-trofonio, /obra50354-medea-rota, /obra51574-escenas-de-una-fiesta-rota, /obra53780-emilia-envidia-minga-protagonistas, /obra32013-mujer-rota, /obra42718-el-rotativo-porteno, /obra40648-el-protagonista, /obra44085-princesas-rotas, /obra41695-lucila-laske-protangonista, /obra43574-el-hombre-de-la-nariz-rota, /obra40058-la-ausencia-del-dr-stockmann-una-conspiracion-sin-protagonista, /obra31321-trotamundos-y-a-sonar, /obra35061-rota-experiencia-performatica, /obra36904-derrotas-cadenas, /obra34491-el-rotativo-stand-up, /obra34772-casa-rota, /obra35293-flores-rotas, /obra38623-munequita-rota, /obra38560-daucus-carota-subespecie-sativus, /obra37530-soy-solo-derrotas-nunca-la-muerte-de-un-nandu-sono-tan-hermosa, /obra35982-el-pasajero-de-las-flores-rotas, /obra32509-gabinete-ba-ciclo-de-/obras-invitadas-rotativa, /obra29271-de-rotas-cadenas, /obra27829-arisas-stand-up-rotativo, /obra36215-ruido-de-rotas-cadenas, /obra45918-caperucita-rota, /obra44721-un-sudor-que-brota-despacio, /obra78565-garota-paladini, /obra71284-el-protagonista-ante-el-espejo, /obra54453-bancarrota, /obra52098-la-lanza-rota, /obra51520-con-las-alas-rotas, /obra41888-teatro-de-titeres-trotacaminos, /obra73853-ya-no-hay-como-salvar-la-porcelana-rota",False
https://farsamag.com/obras/tebas-land/,Tebas Land,Destacada,"/obra45959-tebas-land, /obra39691-tebas-land",False
https://farsamag.com/obras/trastorno/,Trastorno,Destacada,"/obra64253-trastorno, /obra13324-el-trastorno-de-los-pulpos",False
https://farsamag.com/obras/gurisa/,Gurisa,Destacada,"/obra42663-gurisa, /obra10357-gurisadas",False
https://farsamag.com/obras/artaud/,Artaud,Destacada,"/obra37160-artaud, /obra79631-artaud-sesion-teatral, /obra470-artaud, /obra73730-arder-artaud-documental, /obra38609-artaud-1-lengua-madre, /obra27008-antonin-artaud, /obra15539-el-secreto-artaud, /obra6737-artaud-totem, /obra2151-artaud-erinnert-sich-an-hitler-und-das-romanische-cafe, /obra52397-quienes-son-artaud, /obra52314-para-cenar-artaud, /obra45840-artaud-66, /obra67451-parlantes-holofonicos-pescado-rabioso-artaud",False
https://farsamag.com/obras/sentada-en-una-casa-de-vidrio/,Sentada en una casa de vidrio,Reseña,"/obra67260-sentada-en-una-casa-de-vidrio, /obra66751-sentada-en-una-casa-de-vidrio-work-in-progress",False
https://farsamag.com/obras/testimonios-para-invocar-a-un-viajante/,Testimonios para invocar a un viajante,Reseña,/obra67542-testimonios-para-invocar-a-un-viajante,False
https://farsamag.com/obras/the-pall-mall-twins/,The Pall Mall Twins,Destacada,"/obra68377-the-pall-mall-twins, /obra65757-la-casa-de-alba-torrens-16-the-pall-mall-twins",False
https://farsamag.com/obras/la-forma-de-las-cosas/,La forma de las cosas,Destacada,"/obra52887-la-forma-de-las-cosas, /obra13034-la-forma-de-las-cosas",False
https://farsamag.com/obras/ping-pong/,Ping pong,Reseña,"/obra74072-ping-pong, /obra59855-ping-pong, /obra48945-ping-pong, /obra62845-zapping-la-trup-zaping-pong, /obra70420-ping-pong-clown, /obra35481-el-robot-ping-pong, /obra33869-pong-ping, /obra26373-pong-ping, /obra10312-pingpong-fuera, /obra44674-el-pingpong",False
https://farsamag.com/obras/el-hombre-de-acero/,El hombre de acero,Imperdible,/obra77246-el-hombre-de-acero,False
https://farsamag.com/obras/late-el-corazon-de-un-perro/,Late el corazón de un perro,Reseña,/obra66990-late-el-corazon-de-un-perro,False
https://farsamag.com/obras/precoz/,Precoz,Destacada,"/obra75267-precoz, /obra21945-caperucita-cachonda-y-el-lobo-precoz, /obra75111-acefalia-precoz",False
https://farsamag.com/obras/la-wagner/,La Wagner,Imperdible,/obra29154-la-wagner,False
https://farsamag.com/obras/abnegacion-3/,Abnegación 3,Reseña,/obra58330-abnegacion-3,False
https://farsamag.com/obras/la-savia/,La savia,Reseña,"/obra49217-la-savia, /obra73478-savia-sobre-la-mesa, /obra73484-savia-sobre-la-mesa-emergente, /obra76253-la-tango-en-savia, /obra61863-yo-ya-lo-sabia-sala-5, /obra63629-las-mujeres-sabias, /obra53781-yolanda-borra-todo-lo-que-dije-del-amor-porque-no-sabia-bien-quien-era, /obra39334-como-sabias-que-ese-libro-me-lo-regalo-mi-abuela, /obra22635-usted-sabia-que-mattaclark-esta-muerto, /obra13702-papa-derrama-sabias-palabras, /obra12601-la-reina-que-no-sabia-sumar, /obra9945-las-mujeres-sabias, /obra46973-las-mujeres-sabias, /obra10048-las-mujeres-sabias",False
https://farsamag.com/obras/casi-normales/,Casi normales,Imperdible,"/obra71648-casi-normales, /obra22793-casi-normales, /obra56626-workshop-casi-normales",False
https://farsamag.com/obras/la-memoria-fria/,La memoria fría,Reseña,/obra59429-la-memoria-fria,False
https://farsamag.com/obras/escritor-fracasado/,Escritor fracasado,Destacada,/obra52842-escritor-fracasado,False
https://farsamag.com/obras/esa-nina/,Esa niña,Reseña,"/obra54145-esa-nina, /obra61498-estan-lloviendo-hombres-esa-nina, /obra74282-esas-voces-femeninas, /obra34863-la-nina-el-diablo-y-la-princesa, /obra38076-esa-nina",False
https://farsamag.com/obras/ojala-las-paredes-gritaran/,Ojalá las paredes gritaran,Reseña,/obra60805-ojala-las-paredes-gritaran,False
https://farsamag.com/obras/el-amateur-segunda-vuelta/,"El Amateur, segunda vuelta",Destacada,/obra77244-el-amateur-segunda-vuelta,False
https://farsamag.com/obras/inestable/,Inestable,Destacada,"/obra80453-optimista-inestable, /obra72683-que-ordenador-el-bahiut, /obra2123-inestable, /obra37430-inestable-sutottos, /obra63141-tablao-inestable, /obra74339-l-aniversari-teatro-de-lo-inestable, /obra67940-los-inestables-de-siempre, /obra56509-inestables, /obra62242-inestable-realidad, /obra61477-inestable-pire-saint-quentin, /obra62878-fiesta-fin-de-ano-del-refugio-tocan-inestable-capuccino-billy-lampazo-blues, /obra40355-poeticas-inestables, /obra37005-la-orquesta-inestable-presenta-bambalinas, /obra32891-orquesta-inestable, /obra24298-elenco-inestable-stand-up, /obra27992-consorcio-inestable",False
https://farsamag.com/obras/las-amargas-lagrimas-de-petra-von-kant/,Las amargas lágrimas de Petra Von Kant,Destacada,"/obra56873-las-amargas-lagrimas-de-petra-von-kant, /obra65802-las-amargas-lagrimas-de-petra-von-kant, /obra55108-las-amargas-lagrimas-de-petra-von-kant, /obra14229-las-amargas-lagrimas-de-petra-von-kant, /obra3475-las-amargas-lagrimas-de-petra-von-kant",False
https://farsamag.com/obras/sudado/,Sudado,Imperdible,"/obra21638-sudado, /obra41684-teatro-sudado",False
https://farsamag.com/obras/el-elogio-de-la-risa/,El elogio de la risa,Reseña,/obra49807-el-elogio-de-la-risa,False
https://farsamag.com/obras/warangas/,Warangas,Destacada,"/obra57660-warangas, /obra57877-warangas-night-show",False
https://farsamag.com/obras/juicio-a-una-zorra/,Juicio a una zorra,Destacada,"/obra59917-juicio-a-una-zorra, /obra37868-juicio-a-una-zorra, /obra67643-festival-teatroxlaidentidad-juicio-a-una-zorra, /obra59916-work-in-progress-juicio-a-una-zorra",False
https://farsamag.com/obras/en-lo-alto-para-siempre/,En lo alto para siempre,Destacada,/obra57645-en-lo-alto-para-siempre,False
https://farsamag.com/obras/pelonintensivo-2/,Pelonintensivo,Reseña,/obra52904-pelonintensivo,False
https://farsamag.com/obras/tropico-del-plata/,Trópico del Plata,Destacada,/obra29680-tropico-del-plata,False
https://farsamag.com/obras/negra/,Negra,Reseña,"/obra79831-el-nino-pez-y-el-sueno-de-negras-alas, /obra77297-negra-chagra-el-tierral-la-casimiro-brass, /obra78855-yo-negra, /obra78072-flores-negras-presenta-maldito-tango, /obra78534-jirones-de-una-estrella-negra, /obra77815-canciones-del-fin-del-mundo-negra-chagra-y-claudia-tomas, /obra77693-jacara-para-un-picaro-o-la-espana-negra, /obra74117-negracha-entre-empanadas-y-vino, /obra76425-mi-negra-modelo, /obra74935-la-caja-negra-argentina-amigometro, /obra75479-la-helada-negra, /obra76287-pena-el-patio-de-la-negra, /obra61391-bestia-negra, /obra67652-selva-negra, /obra70782-luz-negra, /obra72930-hojas-negras, /obra72760-cocarda-negra, /obra70196-la-mano-negra, /obra72399-la-caja-negra-argentina-covinculos, /obra72122-la-caja-negra-argentina-historias-para-viajar, /obra51080-noelia-moncada-encanto-negra, /obra59800-no-es-pais-para-negras-ii, /obra67020-3-negras-absurdas, /obra68333-noche-negra-/obras-cortas-del-negro-fontanarrosa, /obra65453-ovejas-negras, /obra70628-lengua-negra, /obra67559-la-caja-negra-argentina-ay-amor, /obra65825-la-caja-negra, /obra68331-simon-boccanegra, /obra65080-compania-oveja-negra-presenta-escrito-en-el-cuerpo, /obra52857-isla-negra, /obra63685-negra-negra-negra-soy, /obra62214-la-negra-chagra, /obra58976-refugio-mestizo-negra-santa-sisa-reggae-la-fogonera, /obra57964-virgen-de-manos-negras, /obra60088-conoce-la-musica-negra-directamente-desde-nyc-solo-una-noche, /obra57192-cantos-de-mi-tierra-negra, /obra61016-noelia-moncada-encanto-negra-y-tangos-encantados, /obra53657-las-negras, /obra54201-narices-negras, /obra53057-cristal-tinta-negra, /obra49611-la-organizacion-negra-ejercicio-documental, /obra47835-opus-cuatro-y-pimienta-negra, /obra50325-el-caso-del-hombre-de-la-valija-negra, /obra70869-simon-boccanegra, /obra70946-el-gato-de-amarilla-whisky-vodka-y-perfume-de-rosas-negras, /obra65151-historieta-negra, /obra70645-misa-negra, /obra63677-la-rosa-negra, /obra65060-luz-negra, /obra56540-farsa-cruel-y-bastante-negra-del-senor-lazaro-y-su-suerte-perra, /obra53417-comedia-negra, /obra51980-simon-bocanegra, /obra47634-romance-de-la-nina-negra, /obra48118-el-sueno-en-la-capilla-de-glesstorn-o-lafantasma-de-la-roca-negra, /obra49028-bandera-negra, /obra48969-cristiano-o-las-mascaras-negras, /obra48336-la-negra-zinda, /obra70781-luz-negra, /obra50106-tinta-negra, /obra67788-tinta-negra, /obra50776-la-mano-negra, /obra50300-andante-negra-en-104, /obra72739-lagrimas-negras-para-mima, /obra59988-la-linea-negra, /obra55905-la-hormiga-negra, /obra62997-lilith-luna-negra, /obra77459-las-lagrimas-negras-de-santita-monjardin, /obra57172-el-romance-de-la-negra-rubia, /obra48140-el-conde-geraldo-el-proscripto-o-el-hombre-de-la-selva-negra",False
https://farsamag.com/obras/todo-lo-que-esta-a-mi-lado/,Todo lo que está a mi lado,Destacada,/obra29522-todo-lo-que-esta-a-mi-lado,False
https://farsamag.com/obras/edipo-rey/,Edipo Rey,Reseña,"/obra64648-edipo-rey, /obra52948-edipo-rey, /obra31718-edipo-rey, /obra29496-edipo-rey, /obra20735-edipo-rey, /obra4684-edipo-rey, /obra11488-edipo-rey, /obra12114-edipo-rey, /obra44070-edipo-rey, /obra43831-edipo-rey, /obra46795-edipo-rey, /obra46567-edipo-rey, /obra70336-jose-abadi-intimo-habia-una-vez-edipo-rey, /obra65189-ediporey-trap-twitter-y-posverdad, /obra2050-edipo-rey-de-hungria",False
https://farsamag.com/obras/mis-dias-sin-victoria/,Mis días sin Victoria,Reseña,/obra36372-mis-dias-sin-victoria,False
https://farsamag.com/obras/noche-de-reyes-nada-es-lo-que-parece/,"Noche de Reyes, nada es lo que parece",Reseña,/obra57309-noche-de-reyes-nada-es-lo-que-parece,False
https://farsamag.com/obras/doberman/,Doberman,Reseña,"/obra15643-doberman, /obra54977-doberman",False
https://farsamag.com/obras/los-secretos/,Los secretos,Reseña,"/obra76202-los-secretos, /obra79202-hugo-lescano-el-detector-de-mentiras-los-secretos-del-lenguaje-corporal, /obra66610-los-secretos-de-la-abuela-gertrudis, /obra38587-claudio-y-caligula-los-secretos-del-fuego, /obra51272-los-secretos-de-la-abuela, /obra54997-la-tirania-de-los-secretos, /obra36706-los-secretos-de-scherezade, /obra30385-los-secretos-de-afrodita, /obra30276-el-cofre-de-los-secretos, /obra18210-los-secretos-de-la-casa, /obra13662-todos-los-secretos, /obra45687-los-oscuros-secretos",False
https://farsamag.com/obras/pasionaria/,Pasionaria,Reseña,"/obra10581-pasionaria, /obra42780-pasionaria-portena",False
https://farsamag.com/obras/yo-encarnacion-ezcurra/,"Yo, Encarnación Ezcurra",Destacada,/obra49664-yo-encarnacion-ezcurra,False
https://farsamag.com/obras/yo-soy-mi-propia-mujer/,Yo soy mi propia mujer,Imperdible,/obra7348-yo-soy-mi-propia-mujer,False
https://farsamag.com/obras/taco-gastado/,Taco Gastado,Destacada,/obra75316-taco-gastado,False
https://farsamag.com/obras/perla-guarani/,Perla guaraní,Destacada,/obra60421-perla-guarani,False
https://farsamag.com/obras/el-amante-de-los-caballos/,El amante de los caballos,Reseña,/obra35966-el-amante-de-los-caballos,False
https://farsamag.com/obras/entonces-la-noche/,Entonces la noche,Reseña,"/obra56024-entonces-la-noche, /obra63291-entonces-la-noche-fiba",False
https://farsamag.com/obras/compania/,Compañía,Reseña,"/obra80279-compania, /obra79771-companias-populares-argentinas, /obra76335-compania, /obra78185-compania, /obra75155-compania, /obra68485-compania, /obra64698-compania, /obra56378-compania, /obra51765-compania, /obra78954-compania-artistica-clasica-del-sur-ciclo-contemporanexs, /obra79654-compania-galalirica-show-presenta-te-lirico-a-la-carta, /obra79444-la-popular-compania-de-danzas-presenta-amba-area-multipopular-por-bailarines-argentos, /obra77774-el-peligro-de-las-buenas-companias, /obra76409-compania-de-danza-de-las-trincheras, /obra74063-compania-poco-punk-presenta-un-bosque-al-reves-ft-chipa-chipa, /obra76034-compania-de-opera-alma-viva-presenta-opera-don-pasquale, /obra65057-quebochinche-compania-teatral-la-patrulla-italiana, /obra70803-companias-populares-argentinas-marzo, /obra71023-flamenco-compania, /obra70146-concierto-viii-compania-oblicua, /obra71233-5-aniversario-de-la-compania-teatral-siete-colores-diversidad, /obra73472-muestra-de-teatro-musical-compania-bicicleta-musical, /obra46478-compania-de-tango-de-la-una, /obra52683-la-margarita-compania-golondrinas-de-yeso, /obra59782-compania-prisma-visto-bueno, /obra58849-paseo-para-titeres-y-orquesta-cuarteto-polok-y-compania-pole-pole, /obra69438-companias-populares-argentinasviernes-2911, /obra63969-companias-populares-argentinas, /obra68288-compania-de-danza-de-las-trincheras-presenta-migajas, /obra67418-companias-populares-argentinas-septiembre, /obra66893-companias-populares-argentinas, /obra65452-companias-populares-argentinas, /obra65080-compania-oveja-negra-presenta-escrito-en-el-cuerpo, /obra69058-companias-populares-argentinas-noviembre, /obra71484-samsara-compania-indance, /obra66914-perez-y-compania, /obra64744-ciclo-teatro-breve-compania-simiento, /obra69583-final-contemporaneo-compania-universitaria-de-danza-unsam-compania-de-danza-de-la-una, /obra68295-ballet-folklorico-y-compania-de-tango-de-la-una, /obra63896-lorena-astudillo-en-compania, /obra63584-the-shakesperean-tour-de-la-compania-parafernalia-teatro, /obra51142-akasha-compania-indance, /obra60185-compania-danza-argentina-opera-prima, /obra63039-compania-nacional-de-danza-contemporanea, /obra61364-compania-nacional-de-danza-contemporanea, /obra61362-compania-de-tango-folklore-de-la-universidad-nacional-de-arte-una, /obra58262-raza-compania-de-danza-presenta-pop, /obra60983-ego-compania-absoluto, /obra57870-vivencias-en-compania, /obra62744-gala-de-ballet-2018-de-la-compania-ferrazzano, /obra60034-la-cena-de-los-espectros-cautivos-por-compania-revolt, /obra61363-gala-semda-propuestas-breves-de-distintos-grupos-y-companias, /obra61499-cautivos-callejones-sobre-poemas-de-lovecraft-por-compania-revolt, /obra44764-afo-compania-coral-del-mundo, /obra53686-compania-coroteatral, /obra51397-compania-de-danza-de-la-una-unanochedebaile, /obra54410-compania-cuarto-intermedio-sinfonia-para-un-sueno-fall-o-la-aproximacion-de-caer, /obra51012-compania-cuarto-intermedio-boceto-de-carmina-de-la-torre-aire-de-facundo-bustamante, /obra51899-compania-cuarto-intermedio-ciclo-1-danza-fecha-15-de-julio, /obra51892-compania-cuarto-intermedio-ciclo-1-danza-fecha-8-de-julio, /obra50108-tres-360-compania-360, /obra54119-grupo-alma-compania-de-danza-integradora-festeja-sus-20-anos-dejando-huellas, /obra41964-hurgo-compania-de-escuela-presenta-las-que-van-nocturna, /obra42419-pablo-basez-la-compania-electrica, /obra63842-la-compania-del-circo-magico, /obra61897-gran-compania-de-comedias-musicales-jenny-lovitz, /obra47582-compania-de-mimo-lemir, /obra62378-dulce-compania, /obra75243-abismal-compania-de-teatro-experimento-pierrot-cl, /obra71514-el-padre-el-hijo-y-compania",False
https://farsamag.com/obras/las-ideas/,Las ideas,Destacada,"/obra37360-las-ideas, /obra57038-aca-mueren-las-ideas, /obra62500-marcha-cuando-las-ideas-no-se-matan, /obra67843-la-musica-de-las-ideas, /obra21865-en-el-salon-de-las-ideas-abriendo-ventanas, /obra18695-a-poner-en-orden-las-ideas, /obra6716-del-color-de-las-orquideas-thriller-navideno",False
https://farsamag.com/obras/la-vis-comica/,La vis cómica,Destacada,/obra67979-la-vis-comica,False
https://farsamag.com/obras/ultimo-round-fragmentos-de-una-herida-de-amor/,"Último round, fragmentos de una herida de amor",Reseña,/obra64984-ultimo-round-fragmentos-de-una-herida-de-amor,False
https://farsamag.com/obras/la-rabia/,La rabia,Reseña,"/obra42975-la-rabia, /obra47466-la-valentina-rancho-ska-skalapepa-la-rabia, /obra8301-vuelve-la-rabia, /obra77796-filomena-y-timotea-narraviajeras-de-la-fantasia-una-/obra-en-lengua-de-senas-argentina-y-audio-en-simultaneo, /obra71332-la-traviata, /obra64530-la-traviata, /obra64455-la-traviata, /obra67623-la-traviata, /obra65874-la-traviata-verdi, /obra65795-la-traviata, /obra62707-the-met-hd-en-vivo-la-traviata, /obra49075-la-traviata-met-live-hd-metropolitan-opera-de-nueva-york-diferido, /obra53518-la-traviata, /obra51869-ciclo-de-opera-la-traviata, /obra51016-la-traviata, /obra38538-bravias-un-shakespeare-para-mujeres-solas-con-mascota, /obra41425-la-traviata, /obra27486-la-extraviada, /obra35964-la-traviata, /obra35505-la-traviata-alternativa, /obra28203-la-traviata, /obra30397-la-traviata, /obra30145-don-quijote-la-traviata, /obra15926-la-traviata, /obra15263-la-traviata, /obra15109-la-traviata, /obra15419-la-traviata, /obra6287-la-noche-de-los-extraviados, /obra8987-la-traviata, /obra7928-la-traviata-y-madama-butterfly, /obra6122-la-traviata, /obra72214-la-traviata, /obra55377-la-traviata, /obra51977-la-traviata, /obra52707-la-rabia, /obra78426-la-rabia, /obra49253-la-traviata",False
https://farsamag.com/obras/ametralladora/,Ametralladora,Reseña,"/obra59192-ametralladora, /obra73377-solxs-ametralladora-el-corazon, /obra73370-ametralladora",False
https://farsamag.com/obras/el-nombre/,El nombre,Reseña,"/obra77605-teodoro-y-el-robot-sin-nombre, /obra53328-el-nombre, /obra78965-el-nombre, /obra76133-el-nombre, /obra56898-el-nombre, /obra60204-el-nombre, /obra36400-el-nombre, /obra31063-el-nombre, /obra17694-el-nombre, /obra17931-el-nombre, /obra12681-el-nombre, /obra5299-el-nombre, /obra4561-el-nombre, /obra427-el-nombre, /obra52024-en-el-nombre-de-maria, /obra78469-del-nombre-de-los-sentimientos, /obra70078-por-el-nombre-del-padre, /obra64790-nn-el-nombre-justo-que-me-reserva-la-ciencia, /obra63530-distrito-xvii-paris-el-nombre, /obra59462-gambaro-mas-gambaro-el-nombre-acuerdo-para-cambiar-de-casa, /obra42621-el-nombre-de-la-luna, /obra53940-el-nombre-del-error-sala-2, /obra45858-el-nombre-del-mundo-es-noche, /obra42513-no-diras-el-nombre-del-sr-perez-en-vano, /obra34670-en-el-nombre-de-juana, /obra35003-vos-sabes-que-el-nombre, /obra31381-del-nombre-de-los-sentimientos, /obra24491-el-nombre-de-maria-sol, /obra23070-el-nombre-del-olvido, /obra22986-en-el-nombre-de-raquel, /obra28235-el-nombre-de-las-cosas, /obra22833-lo-que-se-cifra-en-el-nombre, /obra18957-tribunales-en-el-nombre-del-pueblo, /obra9823-todos-los-miedos-no-tomaras-el-nombre-de-dios-en-vano, /obra6101-el-nombre-otros-tangos-2, /obra6015-en-el-nombre-de-mi-sangre, /obra1610-en-el-nombre-del-nombre, /obra77418-esos-nombres-tan-mal-puestos-el-dragon-y-la-mariposa, /obra72250-en-nombre-del-arte, /obra73498-el-hombre-sin-nombre, /obra61905-lectura-de-cuentos-para-ninos-adolescentes-y-adultos-nombre-del-libro-13-relatos-contra-el-bullying-ciberbullying-y-mobbing-e-ideas-concretas-para-combatirlos, /obra32595-las-cosas-por-su-nombre-la-venganza-del-negro, /obra19335-amanda-o-el-vicio-de-los-sin-nombre, /obra25800-el-que-borra-los-nombres, /obra22339-el-que-borra-los-nombres, /obra13801-mi-nombre-es-rachel-corrie, /obra9661-el-que-borra-los-nombres, /obra381-el-que-borra-los-nombres, /obra16444-el-nombre, /obra23658-el-nombre, /obra21066-el-nombre, /obra34103-el-nombre, /obra65093-el-nombre-del-mono, /obra43903-vos-sabes-que-el-nombre-escena, /obra19480-gran-nariz-y-el-rey-de-los-seiscientos-nombres, /obra54486-el-hombre-que-perdio-su-nombre, /obra11843-el-que-borra-los-nombres, /obra74641-el-secreto-de-tu-nombre",False
https://farsamag.com/obras/un-almuerzo-argentino/,Un almuerzo argentino,Reseña,/obra61178-un-almuerzo-argentino,False
https://farsamag.com/obras/el-ano-de-ricardo/,El año de Ricardo,Reseña,"/obra73427-el-ano-de-ricardo, /obra33281-ricardo-capellano-ultima-presentacion-del-concierto, /obra29677-presentacion-del-disco-de-ricardo-capellano",False
https://farsamag.com/obras/siglo-de-oro-trans-version-libre-de-don-gil-de-las-calzas-verdes/,"Siglo de oro trans, versión libre de Don Gil de las calzas verdes",Imperdible,,False
https://farsamag.com/obras/la-yegua-muerta/,La yegua muerta,Reseña,/obra63933-la-yegua-muerta,False
https://farsamag.com/obras/toda-persona-vista-de-cerca-es-un-monstruo/,Toda persona vista de cerca es un monstruo,Reseña,/obra64711-toda-persona-vista-de-cerca-es-un-monstruo,False
https://farsamag.com/obras/come-from-away/,Come from away,Reseña,,False
https://farsamag.com/obras/fantasmastic-invocacion-stanislavski/,Fantasmastic. Invocación Stanislavski,Destacada,,False
https://farsamag.com/obras/adela-esta-cazando-patos/,Adela está cazando patos,Destacada,"/obra42627-adela-esta-cazando-patos, /obra23565-adela-esta-cazando-patos, /obra8380-adela-esta-cazando-patos",False
https://farsamag.com/obras/retrospectiva-de-mariana-chaud-en-el-sarmiento/,Retrospectiva de Mariana Chaud en el Sarmiento,Destacada,,False
https://farsamag.com/obras/cruel-basada-en-la-tragedia-de-ricardo-iii/,Cruel - Basada en la tragedia de Ricardo III,Reseña,/obra58743-cruel-basada-en-la-tragedia-de-ricardo-iii,False
https://farsamag.com/obras/orlando/,Orlando. Una ucronía disfórica,Reseña,/obra54647-orlando-una-ucronia-disforica,False
https://farsamag.com/obras/el-centesimo-mono/,El centésimo mono,Reseña,/obra19804-el-centesimo-mono,False
https://farsamag.com/obras/para-mi-sos-hermosa/,Para mí sos hermosa,Imperdible,"/obra27434-para-mi-sos-hermosa, /obra71470-teatro-online-para-mi-sos-hermosa",False
https://farsamag.com/obras/lo-que-quieren-las-guachas/,Lo que quieren las guachas,Reseña,/obra66777-lo-que-quieren-las-guachas,False
https://farsamag.com/obras/persona/,Persona,Reseña,"/obra76295-rasgo-personal, /obra74592-dimensiones-el-unipersonal, /obra80178-personas-que-se-encuentran-en-lugares, /obra78865-tomas-sarquis-unipersonal, /obra80187-sebastian-emilio-lucia-diario-personal-sin-palabras, /obra25509-la-mujer-puerca, /obra25225-i-love-stand-up-stand-up-show, /obra20454-bastarda-sin-nombre, /obra28963-potestad, /obra41658-hijo-del-campo, /obra12047-dona-rosita-la-soltera-o-el-lenguaje-de-las-flores, /obra59449-cafe-chaman, /obra74934-lacrima-rapsodia-para-un-infante, /obra70530-una, /obra70118-algo-de-ricardo, /obra69903-tiapatria, /obra65478-gertrudis, /obra65272-kabaret-elektro-pank, /obra74553-todo-por-ver-el-mar, /obra73924-inmaculada-concepcion-una-mujer-italiana, /obra78816-peroncho-en-vivo, /obra75828-julius, /obra75314-martin-cirio-el-mundo-de-la-faraona, /obra76500-entre-nosotros-humor-consentido, /obra76453-idem-non-sum-idem, /obra77827-la-descamisada-evita-y-vos-frente-a-frente, /obra80157-el-bien, /obra80054-felicitas-o-las-ninas-mudas, /obra80031-moribundos, /obra79925-juanas-de-fuego, /obra79840-malambo, /obra80453-optimista-inestable, /obra78843-santiago-lo-que-puedo, /obra80385-todo-lo-que-tengo-que-hacer-para-estar-aca, /obra78772-como-te-digo-una-cosa-te-digo-la-otra, /obra78721-morir-en-carne-viva, /obra74014-el-unipersonal-de-luciano-mellera, /obra74297-carne-de-consumo-personal, /obra77400-personas-haciendo-cosas, /obra78985-lea-pannunzio-unipersonal, /obra78782-pablo-picotto-stand-up-y-personajes, /obra79364-fuera-de-foco-producciones-personales, /obra69203-seis-personajes-en-busca-de-autor, /obra75117-personaje, /obra76785-persona-sola, /obra76597-unipersonales-por-nacer-eli-trimarchi, /obra76044-unipersonales-por-nacer-stand-up-nadia-chiaramoni, /obra76699-unipersonales-demostracion-escuela-de-la-zancada, /obra76320-andando-unipersonal-viajero-de-clown, /obra75246-ciclo-de-unipersonales-vol-iv-el-bondi-creaciones, /obra76843-dicese-de-la-persona-cuyo-conyuge-ha-muerto, /obra76763-deshojado-unipersonal-de-un-actor-ciego, /obra72819-facfolc-un-manto-de-neblina-unipersonal-en-streaming, /obra72412-persona-libro, /obra72610-personal-trainer, /obra73121-interpersonal, /obra72726-ciclo-de-unipersonales-vol-iii-el-bondi-creaciones-funcion-2-2609, /obra72725-ciclo-de-unipersonales-vol-iii-el-bondi-creaciones-funcion-3-310, /obra72724-ciclo-de-unipersonales-vol-iii-el-bondi-creaciones-funcion-1-1909, /obra73438-dicese-de-una-persona-cuyo-conyuge-ha-muerto, /obra72824-quebrada-el-unipersonal-poetico-de-vir-sammartino, /obra71953-ciclo-tu-fuente-personal, /obra70611-fernando-ramirez-uno-y-personal, /obra70662-no-sos-vos-soy-yo-unimediopersonal, /obra68044-unipersonal-e-intransferible, /obra69342-de-visita-lara-ricote-un-unipersonal, /obra72000-una-busqueda-personal-sobre-la-decada-del-80, /obra72651-razones-personales, /obra71316-la-buena-persona-de-sechuan, /obra68783-la-mirada-o-el-rio-al-que-las-personas-se-arrojan-a-un-pozo",False
https://farsamag.com/obras/arde-brillante-en-los-bosques-de-la-noche/,Arde brillante en los bosques de la noche,Imperdible,/obra53572-arde-brillante-en-los-bosques-de-la-noche,False
https://farsamag.com/obras/la-respiracion/,La respiración,Reseña,"/obra58639-la-respiracion, /obra76214-quitame-la-respiracion, /obra71466-teatro-online-la-respiracion, /obra14058-la-respiracion-del-vacio-trash",False
https://farsamag.com/obras/turba/,Turba,Reseña,"/obra68084-turba, /obra77737-perturbados, /obra65179-turba-laura-sbdar-espacio-aforo, /obra33098-turbados-que-nunca, /obra14840-perturbados-entre-lilas, /obra6501-perturbaciones, /obra42109-turbamento, /obra57821-disturbanismo-y-anartismo",False
https://farsamag.com/obras/los-golpes-clara/,Los golpes de Clara,Reseña,/obra50130-los-golpes-de-clara,False
https://farsamag.com/obras/adela-duerme-serena/,Adela duerme serena,Imperdible,/obra68172-adela-duerme-serena,False
https://farsamag.com/obras/dashua/,Dashua,Imperdible,/obra50932-dashua,False
https://farsamag.com/obras/si-iu-tomorrow-incendiary/,Si iu tomorrow incendiary,Reseña,/obra74424-si-iu-tomorrow-incendiary,False
https://farsamag.com/obras/campo-minado/,Campo minado,Imperdible,"/obra45943-campo-minado, /obra5695-campo-minado, /obra71848-anatomia-de-un-campo-minado",False
https://farsamag.com/obras/el-hombre-que-perdio-su-sombra/,El hombre que perdió su sombra,Destacada,/obra57703-el-hombre-que-perdio-su-sombra,False
https://farsamag.com/obras/tarascones/,Tarascones,Imperdible,"/obra41759-tarascones, /obra49227-tarascones-venga-a-tomar-un-te-con-nosotras",False
https://farsamag.com/obras/farra/,Farra,Destacada,"/obra75314-martin-cirio-el-mundo-de-la-faraona, /obra40840-farra, /obra66859-la-fachalfarra, /obra77807-farra-el-ritual-de-la-risa, /obra79065-chuka-hurtado-mili-maine-y-mila-farras, /obra76604-farah-xvii-muestra-anual-de-alumnas, /obra66374-la-faraona, /obra67257-el-show-de-la-faraona, /obra65434-duo-lerner-moguilevsky-klezfarad, /obra70012-micro-teatro-zafarrancho-de-humor-y-esas-cosas, /obra40120-bufarra-carne-a-la-parrilla, /obra65507-la-gran-farandula, /obra69638-el-show-de-la-faraona-especial-fin-de-ana, /obra63350-lerner-moguilevsky-klezfarad, /obra68351-ciclo-todo-concuerda-teagan-faran-bruno-dambrosio-canciones-de-nuestro-pueblo, /obra63384-lecturas-a-cielo-abierto-i-acevedo-ariel-farace-jacqueline-golbert-iosi-havilio, /obra58172-ciclo-montana-rusa-lernermoguilevsky-duo-klezsfarad, /obra52580-la-faraona-coleccion-2017-alta-costura-en-trajes-de-danzas, /obra52055-hay-farra-en-la-kermesse, /obra49528-la-corte-de-faraon, /obra40116-payafufara, /obra39767-el-butifarra, /obra21545-lejos-lontano-faraway, /obra26409-ramses-ii-faraon-de-faraones, /obra23850-la-corte-del-faraon, /obra112-el-variete-del-farabute, /obra13815-comedy-bar-del-farabute, /obra21401-magia-y-humor-en-el-farabute, /obra12652-coplas-zarzuelas-y-la-corte-del-faraon, /obra2844-la-corte-de-faraon, /obra49897-hoy-la-corte-de-faraon-hoy, /obra65327-la-corte-de-faraon, /obra56805-la-corte-del-faraon, /obra58823-buti-farras-en-el-maipo, /obra58695-los-reyes-de-la-farandula, /obra60279-la-farandula-en-villa-lechuga, /obra47962-la-farandula-de-villa-lechuga, /obra69437-cuando-un-padre-va-de-farra, /obra47210-farras-carnavalescas, /obra3077-desde-la-reices-sefaradies-a-los-folclores-del-mundo, /obra3111-desde-las-raices-sefaradies-los-folclores-del-mundo, /obra70230-banda-caminantes-zafarrancho",False
https://farsamag.com/obras/fuck-me/,Fuck Me,Destacada,"/obra70079-fuck-me, /obra19793-tacos-fuck-me-cabron",False
https://farsamag.com/obras/romance-del-baco-y-la-vaca/,Romance del Baco y la vaca,Imperdible,/obra66688-romance-del-baco-y-la-vaca,False
https://farsamag.com/obras/proximo/,Próximo,Reseña,"/obra51040-proximo, /obra71612-teatro-online-proximo, /obra72900-el-futuro-cercano-desafios-de-los-proximos-6-meses, /obra60795-el-proximo-verano, /obra66624-mi-proximo-ex, /obra65275-el-proximo-domingo, /obra32660-teatro-proximo, /obra32676-todos-los-jueves-hasta-el-proximo-jueves, /obra21513-el-proximo-domingo, /obra15168-el-proximo-domingo, /obra12064-alguien-proximo, /obra468-el-proximo-minuto, /obra70934-hasta-el-proximo-verano, /obra11775-seis-propuestas-para-el-proximo-milenio",False
https://farsamag.com/obras/carne-de-consumo-personal/,Carne de consumo personal,Reseña,/obra74297-carne-de-consumo-personal,False
https://farsamag.com/obras/el-equilibrista/,El Equilibrista,Destacada,"/obra62616-el-equilibrista, /obra70879-el-equilibrista, /obra54293-el-equilibrista",False
https://farsamag.com/obras/copi-el-homosexual-o-la-dificultad-de-expresarse-eva-peron/,Copi: El homosexual o la dificultad de expresarse / Eva Perón,Reseña,,False
https://farsamag.com/obras/recital-olimpico/,¡Recital Olímpico!,Reseña,/obra69944-recital-olimpico,False
https://farsamag.com/obras/la-vida-extraordinaria/,La vida extraordinaria,Imperdible,"/obra59413-la-vida-extraordinaria, /obra63744-la-extraordinaria-vida-de-jorge-valente",False
https://farsamag.com/obras/mis-palabras/,Mis palabras,Reseña,"/obra77510-mis-palabras, /obra3658-misiles-de-palabras-stand-up, /obra46493-la-humillacion-de-las-palabras",False
https://farsamag.com/obras/ojos-adentro/,Ojos adentro,Destacada,/obra76565-ojos-adentro,False
https://farsamag.com/obras/maten-a-hamlet/,Maten a Hamlet,Destacada,/obra74441-maten-a-hamlet,False
https://farsamag.com/obras/los-miedos/,Los miedos,Reseña,"/obra67171-los-miedos, /obra54382-cuiqui-el-mundo-de-los-miedos, /obra77698-los-miedos-de-anita, /obra76546-noviembre-los-miedos-sobre-la-mesa, /obra52359-la-princesa-azulada-la-valiente-de-los-miedos, /obra16267-todos-los-miedos, /obra9823-todos-los-miedos-no-tomaras-el-nombre-de-dios-en-vano",False
https://farsamag.com/obras/othelo/,Othelo,Imperdible,"/obra27007-othelo, /obra15359-la-mirada-de-othelo",False
https://farsamag.com/obras/la-terquedad/,La terquedad,Imperdible,"/obra48490-la-terquedad, /obra75062-la-terquedad-de-las-cucarachas, /obra48985-la-terquedad-de-las-cucarachas, /obra41410-piedra-mojada-o-la-terquedad",False
https://farsamag.com/obras/j-timerman/,J. Timerman,Destacada,/obra60686-j-timerman,False
https://farsamag.com/obras/turistas-y-exiliades/,Turistas y exiliades,Reseña,/obra68215-turistas-y-exiliades,False
https://farsamag.com/obras/todo-piola/,Todo piola,Destacada,/obra34625-todo-piola,False
https://farsamag.com/obras/experiencia-ii-encuentros-breves-con-hombres-repulsivos/,Experiencia II: encuentros breves con hombres repulsivos,Destacada,/obra66695-experiencia-ii-encuentros-breves-con-hombres-repulsivos,False
https://farsamag.com/obras/new-york-mundo-animal/,New York Mundo Animal,Reseña,/obra70523-new-york-mundo-animal,False
https://farsamag.com/obras/combo-gobernori-la-verdad-efimera-pobre-daniel/,Combo Gobernori: La verdad efímera & Pobre Daniel,Reseña,,False
https://farsamag.com/obras/millones-de-segundos/,Millones de segundos,Destacada,/obra51187-millones-de-segundos,False
https://farsamag.com/obras/la-ponedora/,"La Ponedora, el último milagro",Reseña,/obra45318-la-ponedora-el-ultimo-milagro,False
https://farsamag.com/obras/karamazov/,Karamazov,Destacada,"/obra66024-karamazov, /obra25033-karamazov, /obra59434-los-hermanos-karamazov, /obra8375-karamazov",False
https://farsamag.com/obras/precarizada/,Precarizada,Imperdible,/obra69497-precarizada,False
https://farsamag.com/obras/kinderbuch/,Kinderbuch,Reseña,/obra58805-kinderbuch,False
https://farsamag.com/obras/petroleo/,Petróleo,Imperdible,"/obra59570-petroleo, /obra59606-petroleo, /obra18724-petroleo, /obra41504-los-grandes-exitos-de-yaco-ruben-y-las-trillizas-de-petroleo, /obra21432-azul-petroleo, /obra44709-el-cuento-del-petroleo, /obra44715-buscando-raices-buscando-petroleo, /obra52541-chorros-de-petroleo, /obra71278-chorros-de-petroleo",False
https://farsamag.com/obras/absentha/,Absentha,Destacada,/obra16288-absentha,False
https://farsamag.com/obras/algunas-notas-para-inventar-otros-mundos/,Algunas notas para inventar otros mundos,Destacada,/obra77689-algunas-notas-para-inventar-otros-mundos,False
https://farsamag.com/obras/vivir-en-una-casa-prendida-fuego/,Vivir en una casa prendida fuego,Reseña,/obra74687-vivir-en-una-casa-prendida-fuego,False
https://farsamag.com/obras/princesa-del-futuro/,Princesa del futuro,Reseña,/obra52362-princesa-del-futuro,False
https://farsamag.com/obras/mujeres-en-el-bano/,Mujeres en el baño,Reseña,"/obra77322-mujeres-en-el-bano, /obra48828-mujeres-en-el-bano, /obra8378-mujeres-en-el-bano",False
https://farsamag.com/obras/la-meca/,La Meca,Reseña,"/obra79789-el-mecanismo-de-alaska, /obra75405-la-meca, /obra54244-la-mecanica-de-la-carne, /obra14108-la-mecanica-del-sol, /obra14651-105-pasos-o-la-mecanica-de-la-carne, /obra2223-el-camino-a-la-meca, /obra74698-la-naranja-mecanica-el-musical, /obra70714-molly-mecanica-singular, /obra62944-la-naranja-mecanica, /obra57563-mecanocracias-ciclo-escenico-autorregulado, /obra40204-tiper-tap-mecanografas-tituladas, /obra30985-la-mandarina-mecanica, /obra32408-la-palabra-mecanica-parte-i-think-big, /obra24710-mecanismos-de-erosion-para-la-tempestad-de-shakespeare, /obra13846-lazo-mecanico-familiar, /obra7670-la-comedia-mecanica, /obra9138-la-cuna-mecanica, /obra3285-lazo-mecanico-familiar, /obra50701-la-banana-mecanica",False
https://farsamag.com/obras/perdimos-todo/,Perdimos todo,Reseña,/obra70833-perdimos-todo,False
https://farsamag.com/obras/lo-salvaje/,Lo salvaje,Destacada,"/obra58470-lo-salvaje, /obra59319-la-plaza-de-los-ponys-salvajes-miniatura-teatral-hecha-con-poesia, /obra60169-lucio-mantel-ciclo-raiz-salvaje, /obra48800-la-noche-de-los-corazones-salvajes, /obra51703-los-salvajes, /obra66874-solo-el-ganso-salvaje",False
https://farsamag.com/obras/vigilante/,Vigilante,Reseña,"/obra54345-vigilante, /obra45527-el-vigilante-juancito",False
https://farsamag.com/obras/mil-federicos/,Mil Federicos,Destacada,/obra42476-mil-federicos,False
https://farsamag.com/obras/consagrada/,Consagrada,Destacada,"/obra74645-consagrada, /obra44544-laicas-consagradas, /obra67749-siervas-consagradas",False
https://farsamag.com/obras/me-encantaria-que-gustes-de-mi/,Me encantaría que gustes de mí,Destacada,/obra76426-me-encantaria-que-gustes-de-mi,False
https://farsamag.com/obras/toc-toc/,Toc Toc,Reseña,"/obra80294-toch-en-el-galpon-de-haedo, /obra76872-estocolmo-mon-amour, /obra76124-fantoche-herido, /obra78167-todavia-cantamos-y-tocamos, /obra77153-con-un-toque-de-rubor, /obra79597-irupe-la-nina-que-queria-tocar-la-luna, /obra78658-estocolmo, /obra67441-tina-modotti-a-mi-patria-te-llevo-para-que-no-te-toquen, /obra72940-se-largo-y-metimos-la-fiesta-dentro-no-toques-timbre-porque-no-funciona, /obra76642-emiliana-piccini-toca-inventario-en-vivo, /obra76018-la-orquesta-tipica-de-rojo-tango-toca-en-cafe-de-los-angelitos, /obra75687-reflejos-en-el-tocador, /obra75671-trio-spatocco-canepa-furio, /obra74508-son-pololos-vedette-motochorras, /obra74044-toque-de-quena, /obra76411-cooky-galleta-con-un-show-super-copado-superprotocolado, /obra76242-los-intocables-show-en-vivo, /obra60426-protocolo-cabrera, /obra56932-toque-de-queda, /obra66768-tokio-leva, /obra66294-desenchufados-teatro-al-toque, /obra71578-festivalito-lala-y-el-toque-toque, /obra71473-hector-romero-toca-en-vivo-en-facebook, /obra73109-el-dia-que-me-enamore-de-morir-protocolo-de-espera-en-el-segundo-piso, /obra73108-protocole-de-la-sororite, /obra73104-protocolo-arreit, /obra73702-todo-lo-que-toco-se-convierte-en-basura, /obra72803-con-toque-de-diva, /obra57991-tocando-al-frente, /obra57508-estocolmo, /obra61934-un-toque-de-conventillo, /obra67368-tuncha-toki, /obra67176-tokio, /obra66899-ciclo-todo-concuerda-manu-quiroga-toca-tchaikovsky, /obra70266-fidela-farsa-de-los-fantoches-liberados, /obra69617-el-toque-griego, /obra64093-mesmo-sem-te-tocar-incluso-sin-tocarte, /obra63729-laughing-stock, /obra63014-ciclo-de-pianistas-luis-gurevich-cuarteto-sindrome-de-estocolmo, /obra69443-motochorras-tv-show, /obra69289-improntus-toki-batuque-78, /obra68553-pablo-fernandez-letocs, /obra68143-trastocados-conurbano, /obra71650-mitocondrias, /obra62878-fiesta-fin-de-ano-del-refugio-tocan-inestable-capuccino-billy-lampazo-blues, /obra60326-las-cosas-que-no-se-tocan, /obra60175-jorge-nasser-llegar-armar-tocar, /obra58898-cine-rock-woodstock, /obra58874-raffo-cuatro-toques-para-anticipar-al-5, /obra58758-cine-rock-woodstock-let-it-be, /obra58570-lala-y-el-toque-toque, /obra61605-daniel-tocchini, /obra61473-centro-comunitario-kadima-presenta-a-la-cia-makumba-en-tocados-pro-fondo-bekeff, /obra61322-tangos-que-tocan, /obra56107-tokio, /obra69955-el-que-me-toca-es-un-chancho, /obra67128-estan-tocando-nuestra-cancion, /obra63366-no-me-toquesel-amor-propio, /obra63031-el-canto-del-fantoche, /obra57611-la-visita-que-no-toco-el-timbre, /obra68319-las-dos-tocayas, /obra69536-toque-fierro-le-digo, /obra69048-el-burro-toco-la-flauta, /obra68318-temistocles, /obra77152-con-un-toque-de-rubor, /obra58645-tocata-y-fuga-de-bal, /obra57048-cuando-afrodita-toca-la-flauta, /obra56952-hoy-le-toca-a-mi-mujer, /obra78522-jabon-de-tocador, /obra64137-la-berraca-guanabana-pa-tocarlo-como-se-merece",False
https://farsamag.com/obras/clara/,Clara,Reseña,"/obra42426-clara, /obra19049-claramente-juan, /obra76666-clara-cantore-e-invitadxs, /obra76969-declaraciones-en-papel, /obra50130-los-golpes-de-clara, /obra70007-clara-cantore-trio-guitarra, /obra70997-clara-cantore-trio-invitado-abi-gonzalez, /obra63236-clara-fiba, /obra65086-clara-confusion, /obra64993-ceibaariel-hernandezclara-y-franco-duo, /obra63160-clase-de-flamenco-por-clara-giannoni, /obra65445-ciclo-todo-concuerda-clara-giustincich-y-franco-giambartolomei-duo, /obra69594-la-veridica-pero-inverosimil-historia-de-clara, /obra61559-clara-presta-presenta-casa, /obra60904-maria-clara-millan-javier-penonori, /obra62406-cuentas-claras-sala-3, /obra56440-el-origen-de-las-especies-clara-muschietti-laura-wittner, /obra60214-ciclo-bandoneomania-natsuki-nishihara-clara-stern-manuel-momo-nicolas-di-bella-nicolas-ledesma, /obra38526-clara-sala-2, /obra49682-folklore-y-tango-con-clara-y-franco-y-cottetsaidon, /obra51478-ciclo-habra-musica-3-edicion-lautaro-matute-bolerazo-y-clara-franco-duo-fecha-7, /obra38820-clara-y-el-falso-sobrino-de-oldrich-lipsky, /obra41108-clara-clericot-rebelion-en-el-burdel, /obra38672-el-viaje-de-clara, /obra37418-martin-boffi-presenta-declaracion, /obra39713-clara-oscura, /obra28096-clara-sin-burla, /obra27362-ciclo-de-cine-cena-la-guerra-esta-declarada, /obra21337-la-infancia-de-clara, /obra23849-ayer-sone-claramente-que-era-yo, /obra24685-un-amor-inconfundible-se-declara-inocente, /obra13488-la-ultima-habitacion-el-despertar-de-clara, /obra15150-clara-otro-drama-rural, /obra13558-el-amor-declara, /obra14216-bonecrnicas-una-declaracion-de-amor-a-america-latina, /obra153-kalma-klara-en-karilo, /obra11405-clara-ines, /obra45844-bonino-aclara-ciertas-dudas, /obra46911-el-coronel-foster-se-declara-culpable, /obra45903-morena-clara, /obra70132-alfonso-y-clara-o-los-dos-presos, /obra47815-adolfo-y-clara-o-los-presos-por-amor, /obra49684-duo-clara-y-franco, /obra51724-mama-clara, /obra47226-morena-clara",False
https://farsamag.com/obras/potencialmente-haydee/,Potencialmente Haydée,Reseña,/obra29895-potencialmente-haydee,False
https://farsamag.com/obras/tadeys/,Tadeys,Destacada,"/obra64395-tadeys, /obra67212-es-un-cuento-mi-cuerpo-conversacion-sobre-tadeys",False
https://farsamag.com/obras/un-poyo-rojo/,Un Poyo Rojo,Imperdible,/obra14932-un-poyo-rojo,False
https://farsamag.com/obras/el-rio-en-mi/,El río en mí,Destacada,"/obra63683-el-rio-en-mi, /obra75624-el-misterio-en-el-que-se-vieron-envueltas-seis-hermanas-y-creo-que-una-oveja, /obra78205-miguel-de-caro-presenta-saxo-rioplatense, /obra79279-algo-distinto-espectaculo-interactivo-a-tu-encuentro-con-escenario-de-libre-expresion-microfono-abierto-para-el-publico, /obra72579-el-clasico-teatro-independiente-el-de-ayer-y-el-de-hoy-su-evolucion-y-misterio, /obra72526-la-previa-timbrera-jazmin-carbonell-y-mercedes-mendez-conversan-con-el-elenco-de-tercer-cuerpo-en-su-12-aniversario, /obra72063-la-mujer-en-el-teatro-obrero-seminario-online-dictado-por-carlos-fos, /obra70181-claudia-chucair-trio-presenta-lo-que-trajo-el-camino, /obra73219-primer-foro-nacional-multidisciplinario-del-arte-en-pandemia-2020, /obra68035-chechelos-presenta-enmovimiento-en-rosario, /obra65455-pepo-san-martin-presentando-ministerio-del-interior, /obra68429-concierto-homenaje-al-compositor-komitas-padre-la-musica-clasica-moderna-armenia-en-el-150-aniversario-de-su-nacimiento, /obra62781-en-mi-rancho-el-amor-tango-y-canciones-criollas, /obra63659-a-cajon-cerrado-un-velorio-desafortunadamente-comico, /obra61821-el-equilibrio-cosmico-presenta-el-fuego-encantador, /obra59960-nahuel-briones-presenta-su-disco-el-nene-minado, /obra58074-martina-centurion-yamil-gelene-en-concierto, /obra57898-miguel-de-caro-cuarteto-presenta-su-6to-cd-saxo-rioplatense, /obra54676-mario-angelome-presenta-mis-baladas, /obra47308-farsa-en-el-dormitorio, /obra33782-el-misterio-que-tienen-las-cosas, /obra41702-la-lija-lanzamiento-del-disco-rio-largo, /obra41471-patricia-gomez-y-lorena-hermida-presentan-piel-de-rio-y-flor-de-otono, /obra46475-el-misterio-que-tienen-las-cosas, /obra36737-mira-quien-habla-teloneros-del-show-aniversario, /obra34905-martin-robbio-presenta-el-mismo-rio, /obra37411-ethel-koffman-trio-presenta-canciones-caminantes, /obra29564-trio2-luna-de-miel-en-praga, /obra26722-veo-veo-la-unidad-de-la-cosa-que-permanece-en-el-misterio, /obra22124-magia-y-mistica-en-el-rio-de-la-plata, /obra21484-el-inspector-lotonteau-en-misterio-en-la-mansion-lapat, /obra18772-el-enemigo-itinerario-poetico-de-un-sueno, /obra5054-misterios-del-flamenco, /obra3113-el-misterio-de-la-senora-morris, /obra2968-el-misterio-del-castillo-encantado, /obra70603-14-aniversario-del-levantamiento-de-soweto, /obra55787-el-oso-el-aniversario-el-casamiento, /obra45974-la-ermita-la-fuente-y-el-rio, /obra49024-pablo-el-marino-o-crimen-y-misterio, /obra75240-el-misterio-del-amor-entre-varones-teatro-en-el-incendio-mexico, /obra66044-es-como-si-en-mi-interior-se-hubiera-corrido-un-velo-y-el-espectaculo-de-la-vida-infinita-se-transformara-ahora-en-un-abismo-ante-una-tumba-abierta-para-la-eternidad, /obra77115-el-misterio-de-la-virgen-loca",False
https://farsamag.com/obras/nada-de-carne-sobre-nosotras/,Nada de carne sobre nosotras,Destacada,"/obra80303-nada-de-carne-sobre-nosotras, /obra79678-nada-de-carne-sobre-nosotras",False
https://farsamag.com/obras/mortajas/,Mortajas,Reseña,/obra69035-mortajas,False
https://farsamag.com/obras/taba-pluja/,TABA - Pluja,Imperdible,,False
https://farsamag.com/obras/erase/,ERASE,Imperdible,"/obra78571-erase-una-vez-san-francisco, /obra71003-erase, /obra73877-erase-fasciculos-coleccionables, /obra76454-erase-una-vez, /obra70289-erase-una-vez-un-cuento-que-no-es-invento, /obra52347-erase-una-vez-un-globo, /obra52199-erase-una-vez-los-sensuales, /obra56398-erase-una-vez-un-rey, /obra57920-erase-una-vez-un-lobizon, /obra57724-erase-una-vez-a-las-12-y-despues, /obra14731-erase-una-vez-un-patito, /obra40489-erase-una-vez, /obra47240-erase-una-vez-un-topo, /obra27910-erase-una-vez-en-san-lorenzo, /obra14563-erase-una-vez-un-rey, /obra24577-erase-una-vez, /obra24428-erase-una-vez-la-murguita-olimpica, /obra21141-erase-que-era, /obra13146-erase-una-vez-al-lado-de-un-bosque, /obra2889-las-viajerases, /obra4179-erase-una-vez-un-rey, /obra50833-erase-una-vez-buenos-aires, /obra61522-erase-un-viejo-pirata, /obra51542-erase-una-vez-un-duendecillo-llamado-gurrumin, /obra47100-erase-una-vez, /obra26813-erase-una-vez-un-rey, /obra61521-erase-un-viejo-pirata, /obra72092-erase-otra-vez-nelida-lobato",False
https://farsamag.com/obras/dinamo/,Dínamo,Reseña,"/obra34865-dinamo, /obra77982-saltos-en-el-tiempo-vruma-y-los-dinamos-eva-diego, /obra44581-vruma-y-los-dinamos, /obra52797-dynamo-tributo-a-soda-stereo, /obra45182-dynamo-ensamble-vocal, /obra42374-va-de-nuevo-vruma-y-los-dinamos, /obra21186-dinamos, /obra4904-dynamo-hamlet",False
https://farsamag.com/obras/hombres-y-ratones/,Hombres y ratones,Destacada,/obra65367-hombres-y-ratones,False
https://farsamag.com/obras/carcajada-salvaje/,Carcajada salvaje,Reseña,/obra63493-carcajada-salvaje,False
https://farsamag.com/obras/pieza-para-maniquies-y-un-actor-de-reparto/,Pieza para maniquíes y un actor de reparto,Reseña,"/obra74477-pieza-para-maniquies-y-un-actor-de-reparto, /obra32746-pieza-para-maniquies-y-un-actor-de-reparto-documental-sobre-el-silencio",False
https://farsamag.com/obras/las-quietudes/,Las quietudes,Reseña,/obra53814-las-quietudes,False
https://farsamag.com/obras/delia-2/,Delia,Reseña,"/obra64240-delia, /obra40002-maria-garay-y-delia-mucci, /obra24196-naranjas-psicodelias-del-amor, /obra35905-hernan-genovese-esteban-riera-gardelianos-con-trio-de-guitarras-invitado-joel-tortul, /obra22438-el-loquero-de-dona-cordelia, /obra28556-delia-o-la-noche-de-las-flores, /obra33081-rockadelia-y-panico-en-la-ciudad, /obra33350-el-chef-chop-chop-y-el-tik-tak-de-fidelia, /obra8768-resplandece-sangre-lear-y-cordelia, /obra54939-cordelia-la-nina-hada, /obra63256-lidia-y-delia",False
https://farsamag.com/obras/breve-enciclopedia-sobre-la-amistad/,Breve Enciclopedia Sobre la Amistad,Destacada,/obra77760-breve-enciclopedia-sobre-la-amistad,False
https://farsamag.com/obras/todo-tendria-sentido-si-no-existiera-la-muerte/,Todo tendría sentido si no existiera la muerte,Imperdible,/obra54212-todo-tendria-sentido-si-no-existiera-la-muerte,False
https://farsamag.com/obras/la-ira-de-narciso/,La ira de Narciso,Destacada,"/obra55055-la-ira-de-narciso, /obra39693-la-ira-de-narciso, /obra55223-la-ira-de-narciso-work-in-progress",False
https://farsamag.com/obras/teresa-esta-liebre/,Teresa está liebre,Reseña,/obra50814-teresa-esta-liebre,False
https://farsamag.com/obras/beya-durmiente-dj-beya/,Beya Durmiente (Dj Beya),Reseña,/obra66994-beya-durmiente-dj-beya,False
https://farsamag.com/obras/dos-una-deconexion/,"Dos, una desconexión",Reseña,"/obra40037-dos-una-desconexion, /obra24390-dos-una-desconexion",False
https://farsamag.com/obras/hambre-y-amor-version-de-hedda-gabler-de-henrik-ibsen/,Hambre y amor (versión de Hedda Gabler de Henrik Ibsen),Reseña,/obra45017-hambre-y-amor-version-de-hedda-gabler-de-henrik-ibsen,False
https://farsamag.com/obras/tercer-cuerpo/,Tercer Cuerpo,Imperdible,"/obra11603-tercer-cuerpo, /obra25937-tercer-cuerpo, /obra71558-teatro-online-tercer-cuerpo, /obra72526-la-previa-timbrera-jazmin-carbonell-y-mercedes-mendez-conversan-con-el-elenco-de-tercer-cuerpo-en-su-12-aniversario",False
https://farsamag.com/obras/la-maldad-del-mundo/,La maldad del mundo,Reseña,/obra61003-la-maldad-del-mundo,False
https://farsamag.com/obras/suyay/,Suyay,Reseña,"/obra71014-suyay, /obra34255-suyai-campion",False
https://farsamag.com/obras/yo-no-duermo-la-siesta/,Yo no duermo la siesta,Reseña,/obra36394-yo-no-duermo-la-siesta,False
https://farsamag.com/obras/gordofobia/,"Gordofobia, un musical obeso",Reseña,,False
https://farsamag.com/obras/el-arrebato/,El arrebato,Reseña,/obra70100-el-arrebato,False
https://farsamag.com/obras/watt/,Watt,Reseña,"/obra80162-waterloo-el-musical, /obra80458-be-water, /obra70025-watt, /obra4854-watt, /obra79206-saraswati-banda-de-reggae-fusion, /obra71086-la-watt-somos-al-limite, /obra66001-lawatt, /obra64284-ilustradoras-5-la-watson-azul-blaseotto-sala-piso-5, /obra65172-je-ne-me-souviens-plus-tres-bien-no-me-acuerdo-muy-bien-gerard-watkins-sala-piso-11, /obra34049-stravaganza-water-in-art-on-tour, /obra35981-121-gigawatts-2015, /obra39426-waton-carona, /obra18110-freshwater, /obra16994-water-closet-school, /obra58656-el-diario-de-watergate, /obra64943-water-closet",False
https://farsamag.com/obras/esta-cancion/,Esta canción,Imperdible,"/obra60992-esta-cancion, /obra74143-esta-cancion-ep-en-concierto, /obra72996-esta-cancion-ep, /obra42926-paula-suarez-y-mora-martinez-canciones-propias-y-algunas-prestadas, /obra40455-sonorium-puesta-de-canciones-y-clowns, /obra54652-canciones-para-naufragos-duo-florestada, /obra51626-camilo-cipolat-un-dia-hice-estas-canciones, /obra37190-martin-buscaglia-presenta-nuevas-y-antiguas-canciones-en-su-formato-de-hombre-orquesta, /obra24132-fiesta-de-canciones, /obra67128-estan-tocando-nuestra-cancion",False
https://farsamag.com/obras/el-mar-de-noche/,El mar de noche,Destacada,"/obra49569-el-mar-de-noche, /obra68010-noche-de-duos-de-autor-duo-manzoni-martinez-y-duo-alvarez-delgado, /obra19948-noche-en-vela-ciudanza-en-la-plaza-san-martin-de-tours",False
https://farsamag.com/obras/viejo-solo-y-puto-3/,"Viejo, solo y puto",Imperdible,"/obra18989-viejo-solo-y-puto, /obra71615-teatro-online-viejo-solo-y-puto",False
https://farsamag.com/obras/la-casa-de-las-palomas/,La casa de las palomas,Reseña,/obra67605-la-casa-de-las-palomas,False
https://farsamag.com/obras/de-la-mejor-manera/,De la mejor manera,Imperdible,"/obra70784-de-la-mejor-manera, /obra8962-tartufo-o-la-mejor-manera-de-hacerse-del-projimo",False
https://farsamag.com/obras/algo-perfecto/,Algo perfecto,Reseña,/obra65976-algo-perfecto,False
https://farsamag.com/obras/discepolo-las-casas/,Discépolo: Las Casas,Reseña,/obra65687-discepolo-las-casas,False
https://farsamag.com/obras/la-comedia-es-peligrosa/,La comedia es peligrosa,Imperdible,/obra76001-la-comedia-es-peligrosa,False
https://farsamag.com/obras/la-traduccion/,La traducción,Destacada,"/obra80377-workshop-la-traduccion-prueba-8-proyecto-pruebas, /obra78475-la-traduccion-prueba-8-proyecto-pruebas, /obra59576-traduccion-de-las-noches",False
https://farsamag.com/obras/enobarbo/,Enobarbo,Imperdible,/obra60872-enobarbo,False
https://farsamag.com/obras/120-kilos-de-jazz/,120 kilos de jazz,Reseña,"/obra72962-120-kilos-de-jazz, /obra15461-120-kilos-de-jazz, /obra50621-120-kilos-de-jazz, /obra32464-120-kilos-de-jazz",False
https://farsamag.com/obras/el-ritmo-prueba-5/,El ritmo (Prueba 5),Destacada,/obra49165-el-ritmo-prueba-5,False
https://farsamag.com/obras/la-fragilidad-del-cielo/,La fragilidad del cielo,Reseña,/obra37189-la-fragilidad-del-cielo,False
https://farsamag.com/obras/lo-quiero-ya/,Lo quiero ya!,Reseña,"/obra51718-lo-quiero-ya, /obra51297-acustico-lo-quiero-ya",False
https://farsamag.com/obras/arena/,Arena,Reseña,"/obra78212-lorca-el-teatro-bajo-la-arena, /obra80314-los-garciarena, /obra74686-arena, /obra40229-arena, /obra23500-arena, /obra66233-arena, /obra78248-tengo-arena-bajo-los-parpados, /obra79406-arde-la-arena, /obra80004-granitos-de-arena, /obra12274-la-arena-y-el-agua, /obra73765-teatro-ninos-macarena-fuentes, /obra73794-laboratorio-de-teatro-y-cine-macarena-fuentes-guido-turtula, /obra73800-laboratorio-de-teatro-y-cine-macarena-fuentes-guido-turtula, /obra67766-arena-en-los-ojos-sand-in-the-eyes, /obra68630-macarena-robledo-alejandro-franov-presentan-afluente, /obra69723-de-arena, /obra67839-graciela-arenas-presenta-jazz-is-joy, /obra63139-sombras-de-arena-ale-bustos, /obra67967-de-fuego-y-arena-la-poesia-de-lorca-y-rafael-de-leon, /obra68374-historias-con-arena-como-greenwich-aguaviva-, /obra63176-laboratorio-vocal-por-macarena-san-martin, /obra63184-taller-de-creacion-escenica-por-macarena-san-martin, /obra19482-como-arena-entre-las-manos, /obra58499-arena-sala-1, /obra61084-los-garciarena, /obra58176-tragedias-hogarenas, /obra59091-sueno-mediterraneo-graciela-arenas, /obra59582-2-encuetro-de-/obras-cortas-reloj-de-arena, /obra58715-carolina-rojas-presenta-canciones-de-rio-y-arena, /obra41327-el-sonido-de-los-durmientes-presenta-mancha-arena, /obra51715-angelito-luciarena-el-psicologo-del-barrio-o-el-mas-alla, /obra52536-la-familia-de-ukeleles-noches-hogarenas, /obra53743-1er-encuentro-de-/obras-cortas-reloj-de-arena, /obra44118-macarena-robledo-presenta-corazon-radar, /obra41935-los-garciarena, /obra30916-arena-entre-la-carne-y-el-hueso, /obra32672-macarena-robledo-instrumento-vivo, /obra33816-mujeres-de-arena, /obra31082-el-estadio-de-arena, /obra13224-el-nino-de-arena-ilusiones-y-mareas, /obra21796-mujeres-de-arena, /obra27439-la-sentencia-del-reloj-de-arena, /obra17379-arenales-un-pueblo-bajo-el-mar, /obra23870-arena-entre-la-carne-y-el-hueso, /obra24573-festival-el-porvenir-2012-grupo-b-macarena-albalustri-juan-arena-victoriano-arana, /obra20436-de-luna-y-arena, /obra16584-el-doble-de-arena, /obra7056-de-arena-el-horizonte, /obra15902-mujeres-de--arena, /obra13658-castillos-de-arena, /obra9957-mujeres-de-arena, /obra12357-juego-de-luna-y-arena, /obra9201-vientos-de-arena, /obra2865-arena-blanca, /obra65280-el-hombre-de-arena, /obra45956-el-hombre-de-arena, /obra47133-sangre-y-arena, /obra10882-arenas, /obra35317-arena-que-la-vida-se-llevo, /obra46847-froilan-arena-el-mestizo, /obra47488-la-chica-del-circo-arenas, /obra74637-arena, /obra16195-arena-secreto-y-funeral, /obra76303-mar-de-arena, /obra79333-el-caso-arena-rodrigo-contra-la-danza-contemporanea, /obra43386-aqui-en-la-arena, /obra35739-castillos-en-la-arena, /obra45934-una-rosa-de-sangre-sobre-la-arena, /obra63696-sesion-1-rodolfo-valentino-sangre-y-arena",False
https://farsamag.com/obras/extasis-y-demonios/,Éxtasis y demonios,Destacada,/obra68096-corina-wilson-extasis-y-demonios,False
https://farsamag.com/obras/la-voluntad-fragmentos-para-simone-weil/,"La voluntad, fragmentos para Simone Weil",Reseña,/obra66449-la-voluntad-fragmentos-para-simone-weil,False
https://farsamag.com/obras/la-suerte-de-la-fea/,La suerte de la fea,Reseña,/obra42363-la-suerte-de-la-fea,False
https://farsamag.com/obras/los-monstruos-2/,Los monstruos,Destacada,"/obra37435-los-monstruos, /obra79851-los-monstruos-de-la-vida-lofi, /obra38071-la-voluntad-de-los-monstruos, /obra30765-donde-viven-los-monstruos, /obra26184-el-cielo-de-los-monstruos, /obra18070-los-monstruos-no-existen-los-padres-si, /obra8817-los-monstruos-sagrados",False
https://farsamag.com/obras/el-curioso-incidente-del-perro-a-medianoche/,El curioso incidente del perro a medianoche,Reseña,/obra65457-el-curioso-incidente-del-perro-a-medianoche,False
https://farsamag.com/obras/el-placer/,El Placer,Imperdible,"/obra68076-el-placer, /obra79996-el-placer-de-especular, /obra13469-por-el-placer-de-volver-a-verla, /obra44294-el-placer-de-los-dioses, /obra78370-a-contracuento-por-el-puro-placer, /obra70374-el-verbo-placer, /obra52894-buenos-modales-el-innegable-placer-de-perder-el-control",False
https://farsamag.com/obras/sangre-gringa-en-petit-hotel-porteno/,Sangre Gringa… En Petit Hotel Porteño,Reseña,,False
https://farsamag.com/obras/paraguay/,Paraguay,Reseña,"/obra60291-paraguay, /obra31609-paraguay, /obra72983-mentir-la-verdad-paraguay, /obra32041-agua-que-corre-al-mar-o-paraguay-el-musical, /obra24031-independencias-latinoamericanas-argentina-paraguay, /obra46705-ayay-escribime-al-paraguay, /obra49554-despotismo-y-tirania-o-el-doctor-francia-tirano-del-paraguay",False
https://farsamag.com/obras/pequena-pamela/,Pequeña Pamela,Destacada,/obra78547-pequena-pamela,False
https://farsamag.com/obras/gigante/,Gigante,Destacada,"/obra78223-el-mono-gigante-king-kong, /obra78613-gigante, /obra78401-gigantes-de-la-musica, /obra71802-la-gigantea, /obra64000-el-gigante-amapolas-y-sus-formidables-enemigos-o-sea-fastos-dramaticos-de-una-guerra-memorable-recargado, /obra60447-pequenos-gigantes, /obra58792-orourke-se-enfrenta-al-pulpo-gigante, /obra51619-magof-museo-ambulante-de-gigantes-y-otras-fieras, /obra52375-burbujas-a-la-carta-show-de-burbujas-gigantes, /obra36329-la-gigante-roja, /obra14902-la-historia-del-gigante, /obra23368-el-gigante-amapolas, /obra29385-gigantes-del-flamenco, /obra28892-ciclo-de-cena-cine-los-gigantes, /obra18749-el-gigante-amapolas, /obra25543-los-gigantes-de-las-montanas, /obra23357-pequenos-y-gigantes, /obra30268-una-historia-gigante-por-contar, /obra19247-el-gigante-de-amapolas-y-sus-formidables-enemigos, /obra22299-gigante-amapolas, /obra20753-el-gigante-egoista, /obra16320-el-gigante-amapolas-y-sus-fabulosos-enemigos, /obra4832-el-gigante-amapolas, /obra11496-el-gigante-amapolas, /obra12616-el-gigante-amapolas, /obra12401-de-lecheros-y-gigantes, /obra9438-el-gigante-amapolas, /obra5701-suenos-de-gigantes, /obra10792-el-gigante-amapolas, /obra61635-una-vez-un-gigante, /obra63003-pinocho-y-los-munecos-gigantes, /obra46805-el-gigante-pomelo, /obra43025-aventuras-de-pitiri-y-el-gigante-tragavientos, /obra46389-el-gigante, /obra48525-estatua-arlequin-o-fantasma-gigante-de-16-pies-de-alto, /obra46456-gigantezca-monstruosa-aventura, /obra48811-el-gigante-amapolas, /obra49308-jack-el-matador-de-gigantes",False
https://farsamag.com/obras/parte-de-este-mundo/,Parte de este mundo,Imperdible,/obra21244-parte-de-este-mundo,False
https://farsamag.com/obras/jauria/,Jauría,Destacada,"/obra71128-jauria, /obra75333-festival-jauria-la-erotica, /obra71700-la-jauria-de-las-damas, /obra72626-festival-jaurias-del-mundo",False
https://farsamag.com/obras/cucha/,Cucha,Reseña,"/obra79524-ya-nadie-va-a-escuchar-tu-remera-un-concierto-escenico, /obra75684-eso-que-pasa-cuando-no-escuchas, /obra75229-cucha, /obra73627-no-es-facil-escucharla, /obra80304-solo-una-pareja-cronicas-escuchadas-con-la-oreja-en-la-pared, /obra77131-escuchate-este-disquito, /obra76529-las-palomas-tambien-escuchan-musica, /obra69684-una-trinchera-y-se-escuchan-risas, /obra73340-cuchara-de-madera, /obra73441-la-cuchara, /obra72410-la-era-de-la-escucha-esta-por-venir-escaneo-sonoro, /obra62848-escucha-last-shelter, /obra65210-wara-wara-escucha-la-otra-historia, /obra68252-sr-nueve-heridas-y-el-silencio-de-quien-escucha-iluminando, /obra56334-cucharita-sala-4, /obra61422-escuchando-radiohead-te-escupo-mi-corazon, /obra57742-como-escucha-la-pielwork-in-progress-da-da-danza, /obra60549-metodo-para-escuchar-voces-de-sanchez-a-gombrowicz-liliana-heer-fabiana-galante-y-los-mentolados-durruti-concierto-literario, /obra52716-cuchame-stand-up, /obra54865-la-vida-de-lo-que-se-dice-cuando-nadie-escucha, /obra35018-che-escucha-stand-up, /obra40439-escucha-lo-que-te-digo-cafe-concert, /obra43859-ahora-escuchame-vos, /obra41156-si-mama-escuchara, /obra38279-cucha-de-almas, /obra37777-escuchame-quiero-decirte-algo, /obra38269-escucha-lo-que-te-digo-no-solo-tango, /obra34038-doblando-la-cuchara, /obra38270-elegante-sport-escucha-lo-que-te-digo, /obra36509-canciones-para-hacer-cucharita, /obra29402-parpadea-si-me-escuchas, /obra26787-escucha-lo-que-te-digo, /obra25067-rozando-el-cuerpo-del-que-apenas-escucha, /obra16192-decime-que-escuchas, /obra12174-mira-lo-que-hay-que-escuchar, /obra8532-decime-que-escuchas, /obra12750-cuentos-para-volver-a-escuchar, /obra7505-huevos-al-plato-con-cucharita, /obra7190-cucha-de-almas, /obra4352-cucha-de-almas, /obra3209-solo-si-escuchas-conmigo, /obra15074-cucha-de-almas, /obra69720-pega-pero-escucha, /obra44385-la-cucharita-mandinga, /obra9024-te-escuchamos-dorotea, /obra32270-cuando-el-amor-no-escucha-razones-solo-toma-decisiones",False
https://farsamag.com/obras/el-viejo-principe/,El viejo príncipe,Reseña,"/obra51202-el-viejo-principe, /obra50941-el-viejo-principe, /obra28638-el-viejo-principe",False
https://farsamag.com/obras/luis-ernesto-llega-vivo/,Luis Ernesto llega vivo,Destacada,/obra54391-luis-ernesto-llega-vivo,False
https://farsamag.com/obras/la-guiada/,La Guiada,Destacada,"/obra49827-la-guiada, /obra63666-la-visita-guiada-falsa",False
https://farsamag.com/obras/una-casa-llena-de-agua/,Una casa llena de agua,Destacada,,False
https://farsamag.com/obras/el-farmer/,El Farmer,Reseña,"/obra35866-el-farmer, /obra1672-el-farmer-rosas-en-el-destierro, /obra1287-el-farmer",False
https://farsamag.com/obras/estrella/,"Estrella el aire sale, el aire entra",Destacada,"/obra62607-estrella-el-aire-sale-el-aire-entra, /obra63242-estrella-el-aire-sale-el-aire-entra-fiba",False
https://farsamag.com/obras/alfa/,Alfa,Destacada,"/obra64553-alfa, /obra57404-alfaguarra, /obra66859-la-fachalfarra, /obra42626-alfa-omega-tributo-a-gustavo-cerati, /obra28699-alfa-y-omega, /obra27974-el-cine-con-alfalfa, /obra26201-memorias-de-una-analfabeta, /obra10979-analfabetos, /obra45864-alfa-omega-y-astartusa-o-la-pluma-suicida, /obra67867-mujer-alfa, /obra27973-el-cine-con-alfalfa",False
https://farsamag.com/obras/asesinato-para-dos/,Asesinato para dos,Reseña,/obra50175-asesinato-para-dos,False
https://farsamag.com/obras/otono-e-invierno/,Otoño e invierno,Reseña,"/obra75247-otono-e-invierno, /obra76139-la-fiesta-de-los-escombros, /obra53637-el-invierno-llega-despues-del-otono, /obra4399-cuatro-poemas-primavera-verano-otono-invierno",False
https://farsamag.com/obras/la-fiesta-del-viejo/, La fiesta del viejo,Reseña,,False
https://farsamag.com/obras/la-sala-roja/,La sala roja,Reseña,/obra29228-la-sala-roja,False
https://farsamag.com/obras/las-vengadoras/,Las vengadoras,Reseña,"/obra61222-las-vengadoras, /obra63243-las-vengadoras-fiba",False
https://farsamag.com/obras/un-enemigo-del-pueblo/,Un enemigo del pueblo,Destacada,"/obra76637-un-enemigo-del-pueblo, /obra76130-un-enemigo-del-pueblo, /obra72605-un-enemigo-del-pueblo, /obra57005-un-enemigo-del-pueblo, /obra51836-un-enemigo-del-pueblo, /obra46282-un-enemigo-del-pueblo, /obra7630-un-enemigo-del-pueblo, /obra555-un-enemigo-del-pueblo, /obra10246-un-enemigo-del-pueblo, /obra44327-un-enemigo-del-pueblo",False
https://farsamag.com/obras/mi-hijo-solo-camina-un-poco-mas-lento/,Mi hijo sólo camina un poco más lento,Imperdible,"/obra33486-mi-hijo-solo-camina-un-poco-mas-lento, /obra77564-mi-hijo-solo-camina-un-poco-mas-lento, /obra41671-mi-hijo-solo-camina-un-poco-mas-lento",False
https://farsamag.com/obras/nada-del-amor-me-produce-envidia/,Nada del amor me produce envidia,Destacada,"/obra12329-nada-del-amor-me-produce-envidia, /obra50635-nada-del-amor-me-produce-envidia, /obra38957-nada-del-amor-me-produce-envidia, /obra29422-nada-del-amor-me-produce-envidia, /obra25466-nada-del-amor-me-produce-envidia",False
https://farsamag.com/obras/el-hipervinculo-prueba-vii/,El Hipervínculo (Prueba VII),Imperdible,/obra59476-proyecto-pruebas-el-hipervinculo-prueba-7,False
https://farsamag.com/obras/nadie-es-tan-rubia-2/,Nadie es tan rubia,Reseña,/obra39875-nadie-es-tan-rubia,False
https://farsamag.com/obras/cae-la-noche-tropical/,Cae la noche tropical,Imperdible,/obra61132-cae-la-noche-tropical,False
https://farsamag.com/obras/el-recurso-de-amparo/,El recurso de Amparo,Reseña,/obra75408-el-recurso-de-amparo,False
https://farsamag.com/obras/fassbinder-todo-es-demasiado/,"Fassbinder, todo es demasiado",Reseña,/obra63087-fassbinder-todo-es-demasiado,False
https://farsamag.com/obras/la-naranja-mecanica/,La naranja mecánica,Reseña,"/obra62944-la-naranja-mecanica, /obra74698-la-naranja-mecanica-el-musical",False
https://farsamag.com/obras/tiestes-y-atreo/,Tiestes y Atreo,Destacada,/obra57448-tiestes-y-atreo,False
https://farsamag.com/obras/todos-los-dias-estoy-aburrida-y-lloro/,Todos los días estoy aburrida y lloro,Destacada,/obra74429-todos-los-dias-estoy-aburrida-y-lloro-diarios-tempranos,False
https://farsamag.com/obras/el-corazon-del-mundo/,El corazón del mundo,Reseña,/obra67926-el-corazon-del-mundo,False
https://farsamag.com/obras/los-amigos/,Los amigos,Reseña,"/obra79024-los-amigos-de-las-peliculas, /obra60461-los-amigos, /obra76786-los-amigos-de-ellos-dos, /obra72299-los-amigos-del-anillo, /obra56814-los-amigos-de-cote, /obra59961-el-zar-presenta-su-disco-a-los-amigos, /obra32125-los-amigos-del-chango, /obra34651-los-amigos-del-chango-2015-rumbo-a-mca-volumen-ii, /obra36834-amigos-son-los-amigos, /obra35037-orquesta-popular-los-amigos-del-chango, /obra35444-borges-con-amigos-con-los-amigos-juan-quintero-y-luna-monti, /obra35442-luis-carlos-borges-con-los-amigos-juan-falu-y-liliana-herrero, /obra35499-luiz-carlos-borges-con-los-amigos-chango-spasiuk-juan-quintero-y-luna-monti, /obra28452-el-sapo-pepe-los-amigos-del-jardin, /obra3513-los-amigos-y-mi-hija, /obra43732-meg-para-los-amigos, /obra78286-deseos-amigos-sebastian-macchi-cecilia-de-los-santos-sabrina-diaz-augusto-sinesi, /obra63691-saddisin-y-sus-amigos-al-rescate-de-los-valores, /obra49230-amigos-eran-los-de-antes, /obra16712-el-sr-mikozzi-y-los-superamigos, /obra21142-amigos-de-los-libros, /obra13235-los-super-amigos, /obra50014-los-amigos, /obra50444-los-amigos, /obra50283-los-amigos, /obra48344-los--falsos-amigos, /obra49780-los-dos-amigos",False
https://farsamag.com/obras/animal-romantico/,Animal Romántico,Reseña,"/obra61147-animal-romantico, /obra63054-animal-romantico-fragmento",False
https://farsamag.com/obras/la-calma-magica/,La calma mágica,Destacada,/obra58815-la-calma-magica,False
https://farsamag.com/obras/matate-amor/,"Mátate, amor",Imperdible,"/obra59626-charla-sobre-matate-amor, /obra56662-matate-amor",False
https://farsamag.com/obras/prueba-y-error/,Prueba y error,Destacada,"/obra36442-prueba-y-error, /obra5657-a-pura-prueba-y-error",False
https://farsamag.com/obras/julio-cesar/,Julio César,Reseña,"/obra40340-julio-cesar, /obra35064-julio-cesar, /obra31608-julio-cesar, /obra14738-julio-cesar, /obra35406-julio-cesar, /obra57622-julio-cesar, /obra64746-julio-cesar, /obra30784-julio-cesar-el-discurso, /obra1845-100-julio-cesar",False
https://farsamag.com/obras/los-hombres-vuelven-al-monte/,Los hombres vuelven al monte,Destacada,/obra33661-los-hombres-vuelven-al-monte,False
https://farsamag.com/obras/empleados/,Empleados,Reseña,"/obra40785-empleados, /obra38659-empleados-work-in-progress, /obra2592-stars-artistas-y-empleados-publicos",False
https://farsamag.com/obras/el-amor-es-un-bien/,El amor es un bien,Destacada,"/obra36044-el-amor-es-un-bien, /obra77508-presentacion-del-libro-el-amor-es-un-bien-y-otras-/obras, /obra63238-el-amor-es-un-bien-fiba",False
https://farsamag.com/obras/los-abrazos-huecos/,Los abrazos huecos,Destacada,/obra63208-los-abrazos-huecos,False
https://farsamag.com/obras/actriz/,Actriz,Destacada,"/obra69780-actriz, /obra34269-actriz, /obra62532-praxis-2da-exposicion-de-actuaciones-de-actrices-actuando, /obra74942-aktrissa-chayka, /obra51852-lo-unico-que-necesita-una-gran-actriz-es-una-gran-/obra-y-las-ganas-de-triunfar, /obra72992-actriz-del-under, /obra73521-diarios-de-actrices-demostracion-de-entrenamientos-fisicos, /obra73371-charla-mirta-busnelli-y-javier-daulte-ser-actriz-un-acto-de-arrojo, /obra49058-solo-una-actriz-de-teatro, /obra61854-la-santa-el-chaman-y-la-actriz-famosa-sala-6, /obra27094-la-poeta-y-su-novia-actriz, /obra54142-naque-o-de-piojos-y-actrices, /obra45975-mala-actriz, /obra41088-lamezcla-tres-actrices-un-encuentro-musical, /obra30823-actrices, /obra36974-actrices-del-monton, /obra37563-praxis1-exposicion-de-actuaciones-de-actrices-actuando-de-buenos-aires, /obra9911-la-cadena-invisible-trilogia-de-la-soledad-monologo-para-una-actriz, /obra33274-actriz-pero-de-las-buenas, /obra31066-cuatro-ejercicios-para-actrices, /obra13403-cuatro-ejercicios-para-actrices, /obra13404-3er-piso-cuatro-ejercicios-para-actrices, /obra9663-4-ejercicios-para-actrices-un-dia-especial-si-tengo-suerte-la-que-sigue-oficina, /obra8738-monologos-hechos-por-actrices-i, /obra2887-tres-ejercicios-para-actrices, /obra1940-omatidio-pieza-para-actriz-fotografa-y-un-hombre-cualquiera, /obra1007-tres-mujeres-actrices, /obra971-4-ejercicios-para-actrices, /obra51344-una-actriz-para-lady-macbeth, /obra43430-la-edad-de-las-actrices, /obra37229-entrevista-con-una-actriz",False
https://farsamag.com/obras/forever-young/,Forever Young,Imperdible,"/obra24072-forever-young, /obra69181-forever-young-muestras-de-fin-de-ano-accion, /obra54401-eternamente-jovenes-forever-young",False
https://farsamag.com/obras/solo-vine-a-ver-el-jardin/,Solo vine a ver el jardín,Reseña,"/obra59640-solo-vine-a-ver-el-jardin, /obra78-solo-vine-a-ver-el-jardin",False
https://farsamag.com/obras/hidalgo/,Hidalgo,Reseña,"/obra52560-hidalgo, /obra43556-hidalgo, /obra60503-concierto-de-tango-clasicos-de-tango-con-las-voces-de-jesus-hidalgo-y-lautaro-mazza, /obra51126-julio-pane-solo-bandoneon-invitado-jesus-hidalgo, /obra39314-walter-hidalgo-alejandro-szwarcman-y-juan-vattuone-hidalgos-atorrantes, /obra34163-locuras-de-un-hidalgo-caballero, /obra28122-walter-hidalgoentre-amigos, /obra15387-hidalgo-al-800-caballito, /obra1902-los-dos-hidalgos-de-verona, /obra48406-el-ingenioso-hidalgo-don-quijote-de-la-mancha",False
